cell_id,cycle,ambient_temperature,capacity_ah,voltage_mean,voltage_min,voltage_max,voltage_std,voltage_range,current_mean,current_min,current_max,current_std,temperature_mean,temperature_min,temperature_max,temperature_std,discharge_duration_s,voltage_start,voltage_end,voltage_drop,resistance_proxy_ohm,reference_capacity_ah,soh,capacity_fade_pct,capacity_change_ah,soh_change_pct,eol_cycle_observed,rul_cycles,eol_cycle_threshold,is_pre_eol,rul_cycles_80,soh_slope_pct_per_cycle,soh_slope_early_pct_per_cycle,predicted_soh,residual,residual_center,residual_sigma,residual_lower,residual_upper,residual_anomaly,residual_direction,capacity_jump_pct,capacity_anomaly,capacity_event,fade_rate_pct_per_cycle,fade_rate_center,fade_rate_sigma,fade_rate_threshold,knee_anomaly,anomaly,anomaly_reasons
B0005,42,24.0,1.8470259949329195,3.5520375235511907,2.632142800798914,4.187614060563439,0.2341656307122479,1.5554712597645248,-1.8553455745575973,-2.01684718332263,0.0059551658046401,0.5400579358950733,32.37143341978575,24.54942444728521,38.44749852224995,3.358265608227543,3591.734,4.187614060563439,3.2587403321633976,0.928873728400041,0.768968485940125,1.8564874208181568,99.4903587398902,0.5096412601098024,0.0442483702133156,2.3834457329000003,614,572,356,True,314.0,-0.0566610567584549,-0.0183800457579591,96.52344,2.9669212398901976,2.029753120171229,1.9560840735219276,-4.816541137155518,8.876047377497976,False,normal,2.383445732899999,True,recovery,,0.04983220232910881,0.022805817945261354,0.11824965616489289,False,True,capacity:recovery
B0005,86,24.0,1.8518025516704488,3.5573161327793144,2.628919415830567,4.2010701773378685,0.2244802327371113,1.5721507615073014,-1.920618117118412,-2.0167372379007014,0.0008475435827522,0.4205282536761078,31.91556385491565,23.78129749955371,38.45796400011448,3.5076959837591097,3470.672,4.2010701773378685,3.249283482317545,0.9517866950203232,0.7792241376599591,1.8564874208181568,99.74764875349148,0.2523512465085105,0.0477255115530967,2.570742522567926,614,528,356,True,270.0,-0.0566610567584549,-0.0183800457579591,96.68668,3.060965098706319,2.029753120171229,1.9560840735219276,-4.816541137155518,8.876047377497976,False,normal,2.5707425225679144,True,recovery,-0.022878386051104593,0.04983220232910881,0.022805817945261354,0.11824965616489289,False,True,capacity:recovery
B0005,150,24.0,1.7936240148573608,3.559764834095517,2.605158060541757,4.190409478081396,0.2269081165416427,1.5852514175396388,-1.9388813849818085,-2.0168134548386294,0.0024931147123922,0.3772637665356265,34.31088483888259,26.6473739461698,40.71218198711114,3.3312911329320847,3328.937,4.190409478081396,3.2399604434797045,0.9504490346016912,0.7850474224387375,1.8564874208181568,96.61385230754256,3.386147692457428,0.0575326636726469,3.0990063831023638,614,464,356,True,206.0,-0.0566610567584549,-0.0183800457579591,93.3741,3.2397525760972457,2.029753120171229,1.9560840735219276,-4.816541137155518,8.876047377497976,False,normal,3.0990063831023518,True,recovery,0.014419827709976343,0.04983220232910881,0.022805817945261354,0.11824965616489289,False,True,capacity:recovery
B0005,313,24.0,1.605818899130659,3.5222215314850214,2.6920548172137724,4.222920057935785,0.2345502488144419,1.530865240722013,-1.822916991757235,-2.017087516284557,0.0015450426899526,0.5880606956486941,32.856295641052824,24.112523495131093,40.09418103142496,3.981090680585509,3177.219,4.222920057935785,3.525050223099788,0.697869834835998,0.7583674571759169,1.8564874208181568,86.49769888680268,13.50230111319732,0.0883329052816721,4.758066458793664,614,301,356,True,43.0,-0.0566610567584549,-0.0183800457579591,86.747345,-0.24964608390044418,2.029753120171229,1.9560840735219276,-4.816541137155518,8.876047377497976,False,normal,4.758066458793653,True,recovery,0.015343871510055635,0.04983220232910881,0.022805817945261354,0.11824965616489289,False,True,capacity:recovery
B0005,316,24.0,1.5638491446744425,3.5163492154331264,2.629071246219689,4.200423045909808,0.2342514069587575,1.5713517996901194,-1.8294275689587536,-2.0177115857667665,0.0029495288044011,0.5790386830763732,33.33950238056361,24.719311536144843,40.52238496316615,3.928333833868852,3082.937,4.200423045909808,3.494044837570843,0.7063782083389651,0.7776424202747118,1.8564874208181568,84.23699116610504,15.763008833894958,-0.0419697544562165,-2.2607077206976385,614,298,356,True,40.0,-0.0566610567584549,-0.0183800457579591,84.403625,-0.16663432217620766,2.029753120171229,1.9560840735219276,-4.816541137155518,8.876047377497976,False,normal,-2.260707720697637,True,abrupt_loss,0.041303482582796126,0.04983220232910881,0.022805817945261354,0.11824965616489289,False,True,capacity:abrupt_loss
B0006,2,24.0,2.035337591005598,3.556946061827572,2.4757677568281857,4.179823027658306,0.2260193210975841,1.70405527083012,-1.990533350635129,-2.015537581193984,0.0004337624657511,0.2014980448792201,32.14277785992152,24.27707330832413,39.16298653238707,3.4516879795744755,3690.234,4.179799607333447,2.4757677568281857,1.704031850505261,0.8452775264834013,2.035337591005598,100.0,0.0,,,614,612,202,True,200.0,-0.0875031830501135,-0.0886699893492851,99.734085,0.2659149169921875,-7.431848278356725,1.510157601882444,-12.71739988494528,-2.1462966717681704,True,slower_than_expected,,False,none,,0.061512923738001005,0.03583942333433796,0.16903119374101488,False,True,residual:slower_than_expected
B0006,4,24.0,2.025140246031412,3.56147580138708,2.35152551190002,4.177288238505559,0.2314150428972292,1.82576272660554,-1.990277542145709,-2.0149020169266376,-0.0002076460832787,0.2019092784154672,32.29307515705474,24.63823886086074,39.2462026826329,3.3954199016861684,3672.344,4.177288238505559,2.35152551190002,1.82576272660554,0.9062231736128136,2.035337591005598,99.49898508143076,0.5010149185692399,-0.0101973449741858,-0.5010149185692399,614,610,202,True,198.0,-0.0875031830501135,-0.0886699893492851,99.46482,0.0341642196143539,-7.431848278356725,1.510157601882444,-12.71739988494528,-2.1462966717681704,True,slower_than_expected,-0.5010149185692386,False,none,,0.061512923738001005,0.03583942333433796,0.16903119374101488,False,True,residual:slower_than_expected
B0006,6,24.0,2.013326371345464,3.566752469641321,2.440479715106544,4.1781213228923,0.2235489609002163,1.737641607785756,-1.9899467848963857,-2.014434345552428,-0.0006575492150127,0.2024727155112687,32.24414709253608,24.704057719023776,38.999202460252846,3.3498112511075084,3651.641,4.177795470598289,2.440479715106544,1.737315755491745,0.862876963795648,2.035337591005598,98.91854698908898,1.0814530109110194,-0.0118138746859481,-0.5804380923417796,614,608,202,True,196.0,-0.0875031830501135,-0.0886699893492851,99.446846,-0.5282990192118007,-7.431848278356725,1.510157601882444,-12.71739988494528,-2.1462966717681704,True,slower_than_expected,-0.5804380923417833,False,none,,0.061512923738001005,0.03583942333433796,0.16903119374101488,False,True,residual:slower_than_expected
B0006,8,24.0,2.0132846655407413,3.5687953371516272,2.479155853900392,4.1785623580417175,0.2209790874208208,1.6994065041413258,-1.989600928209944,-2.0142051662535234,0.0001981188152475,0.202976043273228,32.14711742429942,24.648384924528084,38.84362777186652,3.34097552798371,3631.563,4.178370492084649,2.479155853900392,1.699214638184257,0.8436277466075065,2.035337591005598,98.91649790372313,1.0835020962768738,-4.170580472262486e-05,-0.0020490853658543,614,606,202,True,194.0,-0.0875031830501135,-0.0886699893492851,99.28894,-0.37244252596437377,-7.431848278356725,1.510157601882444,-12.71739988494528,-2.1462966717681704,True,slower_than_expected,-0.0020490853658345345,False,none,,0.061512923738001005,0.03583942333433796,0.16903119374101488,False,True,residual:slower_than_expected
B0006,10,24.0,2.000528337624771,3.563970503289941,2.280187848173442,4.17824995156942,0.2350350947520463,1.898062103395978,-1.98954836065757,-2.013995769332238,-0.0011423311186216,0.2027939059818593,32.06687277315468,24.634206199911688,38.97798888258284,3.335733628730513,3629.172,4.178015652407259,2.280187848173442,1.8978278042338173,0.942970842964347,2.035337591005598,98.28975529491258,1.710244705087419,-0.0127563279159703,-0.6267426088105452,614,604,202,True,192.0,-0.0875031830501135,-0.0886699893492851,99.29705,-1.0072951811616377,-7.431848278356725,1.510157601882444,-12.71739988494528,-2.1462966717681704,True,slower_than_expected,-0.6267426088105505,False,none,,0.061512923738001005,0.03583942333433796,0.16903119374101488,False,True,residual:slower_than_expected
B0006,12,24.0,2.0138990759931645,3.5735512387791406,2.4392842568466446,4.193216523251186,0.2254790767639312,1.7539322664045414,-1.9901040351037365,-2.0151519685741275,-0.0015410535505561,0.2022953831615659,32.03447836207717,24.34339960435996,38.83989920742278,3.4066857624064704,3652.281,4.193216523251186,2.4392842568466446,1.7539322664045414,0.8710383189316441,2.035337591005598,98.9466850557287,1.0533149442713068,0.0133707383683936,0.6569297608161122,614,602,202,True,190.0,-0.0875031830501135,-0.0886699893492851,99.33977,-0.3930824003259943,-7.431848278356725,1.510157601882444,-12.71739988494528,-2.1462966717681704,True,slower_than_expected,0.6569297608161174,False,none,,0.061512923738001005,0.03583942333433796,0.16903119374101488,False,True,residual:slower_than_expected
B0006,14,24.0,2.013101105626967,3.5711391343785897,2.2812068449406446,4.193732603145628,0.2359700655161548,1.912525758204984,-1.9900886222380367,-2.0145081864690626,-0.003149094123493,0.2021566588924074,32.11157496697372,24.43094638944468,39.04610837498471,3.418111771999715,3650.828,4.193679289189224,2.2812068449406446,1.91247244424858,0.9508624121288406,2.035337591005598,98.907479256665,1.092520743335001,-0.0007979703661975,-0.0392057990636942,614,600,202,True,188.0,-0.0875031830501135,-0.0886699893492851,99.14094,-0.2334585485107823,-7.431848278356725,1.510157601882444,-12.71739988494528,-2.1462966717681704,True,slower_than_expected,-0.03920579906369475,False,none,,0.061512923738001005,0.03583942333433796,0.16903119374101488,False,True,residual:slower_than_expected
B0006,16,24.0,1.96878982627284,3.568150746216304,2.366410527029613,4.176826628115461,0.2269030060742154,1.810416101085848,-1.9891170520197208,-2.0146816699579064,-0.0008455879137331,0.2044815234039151,32.112576242471775,24.65043547143169,38.87507521022778,3.361489124744099,3572.453,4.176826628115461,2.366410527029613,1.810416101085848,0.8989888090832892,2.035337591005598,96.73038197560736,3.269618024392642,-0.0443112793541269,-2.177097281057641,614,598,202,True,186.0,-0.0875031830501135,-0.0886699893492851,99.22363,-2.493250836892642,-7.431848278356725,1.510157601882444,-12.71739988494528,-2.1462966717681704,False,normal,-2.177097281057638,True,abrupt_loss,,0.061512923738001005,0.03583942333433796,0.16903119374101488,False,True,capacity:abrupt_loss
B0006,42,24.0,1.979626548250818,3.565899462157853,2.203355846859377,4.174584178175673,0.2366643556634363,1.9712283313162955,-1.9892347833261184,-2.0202081897757225,0.000974138023539,0.2038860410248102,31.51177053595285,24.511611712923585,37.54320599748628,3.103623335557848,3591.734,4.174584178175673,2.203355846859377,1.9712283313162955,0.9752847648646532,2.035337591005598,97.26281070025072,2.737189299749275,0.1120372908054412,5.504604803672251,614,572,202,True,160.0,-0.0875031830501135,-0.0886699893492851,99.2241,-1.9612875053156813,-7.431848278356725,1.510157601882444,-12.71739988494528,-2.1462966717681704,True,slower_than_expected,5.50460480367225,True,recovery,,0.061512923738001005,0.03583942333433796,0.16903119374101488,False,True,"residual:slower_than_expected,capacity:recovery"
B0006,62,24.0,1.901407930553079,3.56663084740298,2.491410879472442,4.176973413125379,0.2206872835029021,1.6855625336529363,-1.9880563928902784,-2.014324216253238,-0.0016423681986834,0.2082194776973129,31.03324407815673,24.01574359300704,37.16794481484507,3.178274753040712,3431.9370000000054,4.176973413125379,2.491410879472442,1.6855625336529363,0.8374709273013966,2.035337591005598,93.41978151219875,6.580218487801247,-0.0445732025890848,-2.189966066860819,614,552,202,True,140.0,-0.0875031830501135,-0.0886699893492851,98.472,-5.052218609871559,-7.431848278356725,1.510157601882444,-12.71739988494528,-2.1462966717681704,False,normal,-2.189966066860807,True,abrupt_loss,0.09365334197526592,0.061512923738001005,0.03583942333433796,0.16903119374101488,False,True,capacity:abrupt_loss
B0006,86,24.0,1.924776088909064,3.555857469677978,2.434300686181212,4.189991619197343,0.2207853625694854,1.7556909330161314,-1.9997552547832569,-2.015096988943597,-0.0027900265773602,0.1470043535498793,31.10097217303459,23.74029655014346,37.25007396118109,3.2531629586518043,3470.672,4.189801024289883,2.434300686181212,1.7555003381086711,0.8724766975668787,2.035337591005598,94.56790349742867,5.432096502571312,0.0675471980237467,3.3187220794351617,614,528,202,True,116.0,-0.0875031830501135,-0.0886699893492851,99.14626,-4.57835962512992,-7.431848278356725,1.510157601882444,-12.71739988494528,-2.1462966717681704,False,normal,3.3187220794351715,True,recovery,0.01598557178233251,0.061512923738001005,0.03583942333433796,0.16903119374101488,False,True,capacity:recovery
B0006,90,24.0,1.8822317526092551,3.5537306734803207,2.472619908000758,4.186982490201218,0.2236896583668776,1.7143625822004598,-1.9884344406296768,-2.0246589334484746,0.0002199461690219,0.2090147822320789,31.307368922041046,24.18583594954418,37.39699052067588,3.156544785963643,3414.109,4.186947861426474,2.9187757391682454,1.2681721222582287,0.8466494462741921,2.035337591005598,92.47761948322794,7.52238051677206,-0.0425443362998085,-2.090284014200748,614,524,202,True,112.0,-0.0875031830501135,-0.0886699893492851,98.48341,-6.005794213061122,-7.431848278356725,1.510157601882444,-12.71739988494528,-2.1462966717681704,False,normal,-2.0902840142007424,True,abrupt_loss,0.03969763058695041,0.061512923738001005,0.03583942333433796,0.16903119374101488,False,True,capacity:abrupt_loss
B0006,150,24.0,1.82371946178183,3.5388872766749144,2.4288023941361625,4.1729165619005535,0.2309867758956904,1.744114167764391,-1.98193599249298,-2.014822027548639,0.0008839578040008,0.2364515161076043,33.61169282822636,26.602945710082057,39.788440481350335,3.154396442141881,3328.937,4.1729165619005535,2.934951679828825,1.2379648820717284,0.865262186270318,2.035337591005598,89.60279954741002,10.397200452589985,0.1213116804144833,5.960273172891533,614,464,202,True,52.0,-0.0875031830501135,-0.0886699893492851,96.240456,-6.637656080031391,-7.431848278356725,1.510157601882444,-12.71739988494528,-2.1462966717681704,False,normal,5.960273172891526,True,recovery,0.020884253828345578,0.061512923738001005,0.03583942333433796,0.16903119374101488,False,True,capacity:recovery
B0006,228,24.0,1.551171189279042,3.450781146333252,2.4373294683003053,4.182943907496545,0.2453130005434406,1.74561443919624,-1.7785916660457872,-2.014359351341952,-9.517952000869488e-05,0.6414164907293518,32.35440526839345,23.94684852697399,39.18225956809825,3.903699189649736,3167.593,4.182445248328095,3.448198019924908,0.7342472284031865,0.866626365903781,2.035337591005598,76.2119854776846,23.788014522315397,-0.0101734246923461,-0.4998396697090328,614,386,202,False,,-0.0875031830501135,-0.0886699893492851,84.448364,-8.236378780127893,-7.431848278356725,1.510157601882444,-12.71739988494528,-2.1462966717681704,False,normal,-0.49983966970902954,False,none,0.17167710345801807,0.061512923738001005,0.03583942333433796,0.16903119374101488,True,True,knee
B0006,266,24.0,1.5302876214401704,3.4417311090871063,2.3844697219937414,4.189962701965466,0.2506857548397359,1.8054929799717243,-1.7870762809520675,-2.015207980747731,0.0004792431384679,0.6310954422556229,33.180785234653264,24.45395460946014,40.42668250871336,4.098677157793769,3120.86,4.189962701965466,3.4612712556588887,0.728691446306577,0.8957208035931165,2.035337591005598,75.18593614163545,24.81406385836455,0.0426553189904281,2.0957368044950897,614,348,202,False,,-0.0875031830501135,-0.0886699893492851,82.935,-7.749061416958298,-7.431848278356725,1.510157601882444,-12.71739988494528,-2.1462966717681704,False,normal,2.095736804495092,True,recovery,0.07811544780986611,0.061512923738001005,0.03583942333433796,0.16903119374101488,False,True,capacity:recovery
B0006,313,24.0,1.5935866593100128,3.450702139255875,2.479017302613424,4.222516216835943,0.2498681190650427,1.7434989142225188,-1.8210481343824243,-2.0143333289759338,0.0002920618634497,0.5870046814200932,33.224088400657315,24.0581768445586,40.77265883698999,4.292984862195963,3177.219,4.222353332039162,3.5029468518556204,0.719406480183542,0.8654208976767133,2.035337591005598,78.2959380474406,21.7040619525594,0.1519124662815449,7.463747879116696,614,301,202,False,,-0.0875031830501135,-0.0886699893492851,84.74678,-6.450842348067212,-7.431848278356725,1.510157601882444,-12.71739988494528,-2.1462966717681704,False,normal,7.463747879116682,True,recovery,-0.043563266722591205,0.061512923738001005,0.03583942333433796,0.16903119374101488,False,True,capacity:recovery
B0006,316,24.0,1.5463902376915637,3.448047542990752,2.4820670710190385,4.1909374470770855,0.2428918235329487,1.708870376058047,-1.821445703423604,-2.016338466932382,0.0002026611206909,0.5868021780918599,33.37083344726966,24.676724380143,40.52220493430463,4.07675840902897,3082.937,4.190810496600126,3.459144575143091,0.7316659214570351,0.8474264929612048,2.035337591005598,75.9770882494014,24.022911750598595,-0.047196421618449,-2.318849798039196,614,298,202,False,,-0.0875031830501135,-0.0886699893492851,82.259186,-6.28209754161422,-7.431848278356725,1.510157601882444,-12.71739988494528,-2.1462966717681704,False,normal,-2.3188497980391887,True,abrupt_loss,-0.010494318741906065,0.061512923738001005,0.03583942333433796,0.16903119374101488,False,True,capacity:abrupt_loss
B0006,600,24.0,1.15381833159625,3.414810305745517,2.481190011798763,4.1697037841892834,0.2567621913262417,1.6885137723905204,-1.5169723774339865,-2.0192733708647617,0.0022476647345707,0.8647472127992183,33.472459360982775,23.707339766856947,41.14919304328959,4.458920775963431,2793.39,4.1697037841892834,3.6963269652374176,0.4733768189518659,0.8352689596870392,2.035337591005598,56.68928519254556,43.310714807454445,-0.0207769520791416,-1.0208111013601666,614,14,202,False,,-0.0875031830501135,-0.0886699893492851,69.66958,-12.980293359700532,-7.431848278356725,1.510157601882444,-12.71739988494528,-2.1462966717681704,True,faster_than_expected,-1.0208111013601604,False,none,0.07482294383550168,0.061512923738001005,0.03583942333433796,0.16903119374101488,False,True,residual:faster_than_expected
B0007,313,24.0,1.6888211161855506,3.528118234591976,2.144268362237989,4.233325435700087,0.2741630579925055,2.0890570734620977,-1.936992342648715,-1.9937139334305616,0.0010773421833417,0.3195835892676469,32.50500516961017,23.850620264439623,41.01558674901627,3.999264397606396,3177.219,4.2331462538907605,3.167885572406937,1.0652606814838237,1.0472559705872906,1.89105229539079,89.3058917673428,10.6941082326572,0.0981703340374802,5.191307203759422,614,301,445,True,132.0,-0.0499074258552199,-0.0216433862837732,88.39278,0.9131152780849874,0.8624691442234678,2.426112556377181,-7.628924803096666,9.353863091543602,False,normal,5.191307203759433,True,recovery,-0.010723836606323424,0.038690947990667086,0.02092378584184801,0.1014623055162111,False,True,capacity:recovery
B0007,316,24.0,1.6259938279733204,3.519590928396835,2.09628137739202,4.203917718634026,0.2705473630434238,2.1076363412420065,-1.9233409193548263,-1.9940123642001173,0.0001619323178991,0.3573271222732376,32.91993878980996,24.43569034018692,41.31851435911838,3.9779476648867633,3082.937,4.203917718634026,3.2155768977103443,0.9883408209236816,1.05689675417144,1.89105229539079,85.98354640622486,14.01645359377514,-0.0628272882122302,-3.3223453611179394,614,298,445,True,129.0,-0.0499074258552199,-0.0216433862837732,84.13153,1.8520156445061104,0.8624691442234678,2.426112556377181,-7.628924803096666,9.353863091543602,False,normal,-3.3223453611179385,True,abrupt_loss,0.028835861550046922,0.038690947990667086,0.02092378584184801,0.1014623055162111,False,True,capacity:abrupt_loss
B0018,66,24.0,1.7492382064360228,3.5322741848919814,2.4129371999368505,4.18962510592865,0.2385847166505053,1.7766879059917997,-1.8993718818269207,-2.012513173999148,0.0019453368756264,0.4559875020816041,30.22428629982563,22.614491386507936,36.64000948247426,3.4339337984234866,3325.235,4.18962510592865,3.2912719461365696,0.8983531597920806,0.8819679811724078,1.8550045207910817,94.2983257900658,5.701674209934211,0.04173606910876,2.249917379767965,319,253,185,True,119.0,-0.100113905029634,-0.1296859246447222,90.59465,3.7036755215111157,1.2349656506598023,1.9172534254073899,-5.475421338266062,7.945352639585667,False,normal,2.249917379767965,True,recovery,0.09373517194802321,0.08458896914800274,0.07472641255880082,0.3087682068244052,False,True,capacity:recovery
B0018,102,24.0,1.6760516154424625,3.516106699716392,2.317647291087635,4.189625262426538,0.2523387804840423,1.8719779713389029,-1.869374596949812,-2.01318368468478,0.002701103444968,0.51064241745496,30.755137125871208,23.01653902765608,37.42220155418978,3.585252505516807,3250.75,4.188990469498749,3.336282449478892,0.8527080200198571,0.9286135707565132,1.8550045207910817,90.3529666185232,9.647033381476788,0.0620449643957039,3.344733864543059,319,217,185,True,83.0,-0.100113905029634,-0.1296859246447222,86.78734,3.56562836168726,1.2349656506598023,1.9172534254073899,-5.475421338266062,7.945352639585667,False,normal,3.3447338645430538,True,recovery,0.06919695429798296,0.08458896914800274,0.07472641255880082,0.3087682068244052,False,True,capacity:recovery
B0018,117,24.0,1.726707440085764,3.523165280193865,2.3422406504312434,4.188466199744378,0.2527663680637224,1.846225549313135,-1.8951156248467715,-2.023314533825632,0.0073633480208382,0.4638446938022648,30.576239500422748,23.125008977470344,36.71025442949399,3.311198636334725,3302.36,4.18838458205872,3.153251691766954,1.0351328902917665,0.9091671140054892,1.8550045207910817,93.0837321813855,6.9162678186145,0.1312435707161985,7.075107863361353,319,202,185,True,68.0,-0.100113905029634,-0.1296859246447222,87.78089,5.302840762928469,1.2349656506598023,1.9172534254073899,-5.475421338266062,7.945352639585667,False,normal,7.0751078633613576,True,recovery,0.006669519646838838,0.08458896914800274,0.07472641255880082,0.3087682068244052,False,True,capacity:recovery
B0018,141,24.0,1.673645314879889,3.51432611790755,2.4864200723178747,4.191289655270872,0.2423708210517989,1.704869582952997,-1.864690278795044,-2.012371641203182,0.0041319662841082,0.5180525818431642,30.809988428281613,23.07707229087829,37.11936678632194,3.5173638369613456,3238.109,4.191009849984344,3.31386363218204,0.877146217802304,0.8454582360392541,1.8550045207910817,90.223247227783,9.776752772216994,0.0679086325043547,3.6608338008467314,319,178,185,True,44.0,-0.100113905029634,-0.1296859246447222,86.34614,3.8771092272947243,1.2349656506598023,1.9172534254073899,-5.475421338266062,7.945352639585667,False,normal,3.660833800846723,True,recovery,-0.03836853521938322,0.08458896914800274,0.07472641255880082,0.3087682068244052,False,True,capacity:recovery
B0018,212,24.0,1.4698115324524124,3.4745407296058963,2.374740845794832,4.187259539606346,0.2595401980411204,1.8125186938115148,-1.8136320536623207,-2.013506755621097,0.0031177160092426,0.5946002285557522,31.134701292957462,23.10528361267006,38.09998280757164,3.860822526667847,2942.531,4.187068171962331,3.4303014607858104,0.7567667111765202,0.8987884057293942,1.8550045207910817,79.23492994106556,20.76507005893444,0.0449088574519227,2.420956765796518,319,107,185,False,,-0.100113905029634,-0.1296859246447222,77.48682,1.748113534815559,1.2349656506598023,1.9172534254073899,-5.475421338266062,7.945352639585667,False,normal,2.4209567657965034,True,recovery,0.0708970089774194,0.08458896914800274,0.07472641255880082,0.3087682068244052,False,True,capacity:recovery
B0018,223,24.0,1.454576670077708,3.473067053341288,2.4398479869382084,4.192209704853633,0.256998603773989,1.752361717915425,-1.8167125180994763,-2.0147251295387147,0.0032022373391061,0.5905432240305882,31.22678910771077,23.14563143539215,38.18223603956323,3.894243733720098,2893.375,4.1920532879108094,3.4458804859914856,0.7461728019193239,0.8683968247215536,1.8550045207910817,78.41364556121901,21.586354438780987,0.0391218856406365,2.108991390703068,319,96,185,False,,-0.100113905029634,-0.1296859246447222,77.96951,0.4441326217658883,1.2349656506598023,1.9172534254073899,-5.475421338266062,7.945352639585667,False,normal,2.1089913907030615,True,recovery,0.09240517730114098,0.08458896914800274,0.07472641255880082,0.3087682068244052,False,True,capacity:recovery
B0018,259,24.0,1.4604310209194575,3.474503178644755,2.461879783248223,4.187091541628412,0.2556944497754274,1.7252117583801891,-1.8196650877007408,-2.01277944734302,0.0026017060660145,0.586549765279328,30.434500875864146,22.45542569835154,37.36397452607736,3.853494200172745,2899.234,4.18705065732399,3.4124077925269103,0.7746428647970798,0.8560225719397935,1.8550045207910817,78.72924322020762,21.27075677979238,0.1037169122104928,5.591194579205776,319,60,185,False,,-0.100113905029634,-0.1296859246447222,77.357834,1.3714093579029338,1.2349656506598023,1.9172534254073899,-5.475421338266062,7.945352639585667,False,normal,5.591194579205762,True,recovery,0.01075929193314761,0.08458896914800274,0.07472641255880082,0.3087682068244052,False,True,capacity:recovery
B0018,294,24.0,1.4268427818454643,3.467272639213176,2.444740635238248,4.191989955143364,0.2590954604625469,1.7472493199051158,-1.809775952165901,-2.013950042532596,0.0031832258024873,0.5998929255667806,30.47122187456595,22.367517988223096,37.43017193410286,3.9229679264032944,2848.859,4.191804162788413,3.427989429916725,0.7638147328716878,0.8662042054104208,1.8550045207910817,76.91856089045949,23.08143910954051,0.0806119054445844,4.34564468932976,319,25,185,False,,-0.100113905029634,-0.1296859246447222,76.38022,0.5383423846001136,1.2349656506598023,1.9172534254073899,-5.475421338266062,7.945352639585667,False,normal,4.345644689329749,True,recovery,-0.04810640539609295,0.08458896914800274,0.07472641255880082,0.3087682068244052,False,True,capacity:recovery
