pack,fault,cell,start,rule_detected,rule_delay_discharges,iforest_detected,iforest_delay_discharges
B0005+B0006+B0007,resistance_spike,B0005,30,True,1.0,True,47.0
B0005+B0006+B0007,resistance_spike,B0005,50,True,1.0,True,27.0
B0005+B0006+B0007,resistance_spike,B0006,30,True,1.0,True,1.0
B0005+B0006+B0007,resistance_spike,B0006,50,True,1.0,True,0.0
B0005+B0006+B0007,resistance_spike,B0007,30,True,1.0,True,0.0
B0005+B0006+B0007,resistance_spike,B0007,50,True,1.0,True,0.0
B0005+B0006+B0007,cell_sag,B0005,30,False,,False,
B0005+B0006+B0007,cell_sag,B0005,50,False,,False,
B0005+B0006+B0007,cell_sag,B0006,30,True,1.0,False,
B0005+B0006+B0007,cell_sag,B0006,50,False,,False,
B0005+B0006+B0007,cell_sag,B0007,30,True,0.0,False,
B0005+B0006+B0007,cell_sag,B0007,50,True,0.0,False,
B0005+B0006+B0007,thermal,B0005,30,True,8.0,False,
B0005+B0006+B0007,thermal,B0005,50,True,8.0,False,
B0005+B0006+B0007,thermal,B0006,30,True,8.0,False,
B0005+B0006+B0007,thermal,B0006,50,True,8.0,False,
B0005+B0006+B0007,thermal,B0007,30,True,8.0,True,3.0
B0005+B0006+B0007,thermal,B0007,50,True,7.0,True,0.0
B0005+B0006+B0018,resistance_spike,B0005,30,True,1.0,True,2.0
B0005+B0006+B0018,resistance_spike,B0005,50,True,1.0,True,0.0
B0005+B0006+B0018,resistance_spike,B0006,30,True,1.0,True,0.0
B0005+B0006+B0018,resistance_spike,B0006,50,True,1.0,True,0.0
B0005+B0006+B0018,resistance_spike,B0018,30,True,1.0,True,0.0
B0005+B0006+B0018,resistance_spike,B0018,50,True,1.0,True,0.0
B0005+B0006+B0018,cell_sag,B0005,30,True,23.0,False,
B0005+B0006+B0018,cell_sag,B0005,50,True,3.0,False,
B0005+B0006+B0018,cell_sag,B0006,30,True,0.0,False,
B0005+B0006+B0018,cell_sag,B0006,50,True,0.0,False,
B0005+B0006+B0018,cell_sag,B0018,30,True,16.0,False,
B0005+B0006+B0018,cell_sag,B0018,50,True,2.0,False,
B0005+B0006+B0018,thermal,B0005,30,True,8.0,True,32.0
B0005+B0006+B0018,thermal,B0005,50,True,8.0,True,12.0
B0005+B0006+B0018,thermal,B0006,30,True,8.0,True,1.0
B0005+B0006+B0018,thermal,B0006,50,True,8.0,False,
B0005+B0006+B0018,thermal,B0018,30,True,8.0,True,1.0
B0005+B0006+B0018,thermal,B0018,50,True,8.0,True,81.0
B0005+B0007+B0018,resistance_spike,B0005,30,True,1.0,True,78.0
B0005+B0007+B0018,resistance_spike,B0005,50,True,1.0,True,58.0
B0005+B0007+B0018,resistance_spike,B0007,30,True,1.0,True,0.0
B0005+B0007+B0018,resistance_spike,B0007,50,True,1.0,True,0.0
B0005+B0007+B0018,resistance_spike,B0018,30,True,1.0,True,0.0
B0005+B0007+B0018,resistance_spike,B0018,50,True,1.0,True,0.0
B0005+B0007+B0018,cell_sag,B0005,30,False,,False,
B0005+B0007+B0018,cell_sag,B0005,50,False,,False,
B0005+B0007+B0018,cell_sag,B0007,30,True,0.0,False,
B0005+B0007+B0018,cell_sag,B0007,50,True,0.0,False,
B0005+B0007+B0018,cell_sag,B0018,30,True,57.0,True,37.0
B0005+B0007+B0018,cell_sag,B0018,50,True,37.0,True,17.0
B0005+B0007+B0018,thermal,B0005,30,True,8.0,False,
B0005+B0007+B0018,thermal,B0005,50,True,8.0,False,
B0005+B0007+B0018,thermal,B0007,30,True,8.0,True,0.0
B0005+B0007+B0018,thermal,B0007,50,True,7.0,True,0.0
B0005+B0007+B0018,thermal,B0018,30,True,8.0,True,1.0
B0005+B0007+B0018,thermal,B0018,50,True,8.0,True,2.0
B0006+B0007+B0018,resistance_spike,B0006,30,True,1.0,True,1.0
B0006+B0007+B0018,resistance_spike,B0006,50,True,1.0,True,0.0
B0006+B0007+B0018,resistance_spike,B0007,30,True,1.0,True,0.0
B0006+B0007+B0018,resistance_spike,B0007,50,True,1.0,True,0.0
B0006+B0007+B0018,resistance_spike,B0018,30,True,1.0,True,0.0
B0006+B0007+B0018,resistance_spike,B0018,50,True,1.0,True,0.0
B0006+B0007+B0018,cell_sag,B0006,30,True,1.0,False,
B0006+B0007+B0018,cell_sag,B0006,50,False,,False,
B0006+B0007+B0018,cell_sag,B0007,30,True,0.0,True,6.0
B0006+B0007+B0018,cell_sag,B0007,50,True,0.0,False,
B0006+B0007+B0018,cell_sag,B0018,30,True,57.0,True,76.0
B0006+B0007+B0018,cell_sag,B0018,50,True,37.0,True,56.0
B0006+B0007+B0018,thermal,B0006,30,True,8.0,False,
B0006+B0007+B0018,thermal,B0006,50,True,8.0,False,
B0006+B0007+B0018,thermal,B0007,30,True,8.0,True,3.0
B0006+B0007+B0018,thermal,B0007,50,True,7.0,True,0.0
B0006+B0007+B0018,thermal,B0018,30,True,8.0,True,0.0
B0006+B0007+B0018,thermal,B0018,50,True,8.0,False,
