model,test_cell,MAE,RMSE,R2,drop
Linear,B0005,52.53985246081943,59.4604873800787,0.6971431144907428,(none)
Linear,B0006,105.43884120791576,125.35989493714547,-3.1500359694139526,(none)
Linear,B0007,176.23370531751277,180.67380909039025,-0.8020988170150862,(none)
Linear,B0018,57.6444622522772,63.60964646533771,-0.47779084256362414,(none)
Ridge,B0005,150.4173673648254,154.4909637079387,-1.0444979862810326,(none)
Ridge,B0006,163.35783396980335,176.44796702808685,-7.221819530844929,(none)
Ridge,B0007,259.040867984104,266.0789823295733,-2.908493029321411,(none)
Ridge,B0018,28.0597455619554,33.22174743537595,0.5969007855174471,(none)
RandomForest,B0005,86.38674749604084,113.3823336005611,-0.1012129376301305,(none)
RandomForest,B0006,122.99760633526307,131.3828091237207,-3.5583924087471797,(none)
RandomForest,B0007,120.08474067195587,139.88488183474024,-0.08026364511280137,(none)
RandomForest,B0018,33.721816385466376,41.72469980865646,0.36415179592498614,(none)
XGBoost,B0005,88.59583316463055,116.9996177813495,-0.17259870036374347,(none)
XGBoost,B0006,111.55158652633916,117.18449470392243,-2.6263934806744147,(none)
XGBoost,B0007,122.11737875784597,143.75631768329993,-0.14088555024856042,(none)
XGBoost,B0018,40.627299245198564,51.99413404830541,0.012639596813379894,(none)
Linear,B0005,52.53985246081943,59.4604873800787,0.6971431144907428,cycle
Linear,B0006,105.43884120791576,125.35989493714547,-3.1500359694139526,cycle
Linear,B0007,176.23370531751277,180.67380909039025,-0.8020988170150862,cycle
Linear,B0018,57.6444622522772,63.60964646533771,-0.47779084256362414,cycle
Ridge,B0005,150.4173673648254,154.4909637079387,-1.0444979862810326,cycle
Ridge,B0006,163.35783396980335,176.44796702808685,-7.221819530844929,cycle
Ridge,B0007,259.040867984104,266.0789823295733,-2.908493029321411,cycle
Ridge,B0018,28.0597455619554,33.22174743537595,0.5969007855174471,cycle
RandomForest,B0005,86.38674749604084,113.3823336005611,-0.1012129376301305,cycle
RandomForest,B0006,122.99760633526307,131.38280912372068,-3.5583924087471788,cycle
RandomForest,B0007,120.08474067195587,139.88488183474024,-0.08026364511280137,cycle
RandomForest,B0018,33.721816385466376,41.72469980865646,0.36415179592498614,cycle
XGBoost,B0005,88.59583316463055,116.9996177813495,-0.17259870036374347,cycle
XGBoost,B0006,111.55158652633916,117.18449470392243,-2.6263934806744147,cycle
XGBoost,B0007,122.11737875784597,143.75631768329993,-0.14088555024856042,cycle
XGBoost,B0018,40.627299245198564,51.99413404830541,0.012639596813379894,cycle
