cell_id,cycle,ambient_temperature,capacity_ah,voltage_mean,voltage_min,voltage_max,voltage_std,voltage_range,current_mean,current_min,current_max,current_std,temperature_mean,temperature_min,temperature_max,temperature_std,discharge_duration_s,voltage_start,voltage_end,voltage_drop,resistance_proxy_ohm,reference_capacity_ah,soh,capacity_fade_pct,capacity_change_ah,soh_change_pct,eol_cycle_observed,rul_cycles,eol_cycle_threshold,is_pre_eol,rul_cycles_80,soh_slope_pct_per_cycle,soh_slope_early_pct_per_cycle,predicted_rul,implied_eol_cycle
B0006,2,24.0,2.035337591005598,3.556946061827572,2.4757677568281857,4.179823027658306,0.2260193210975841,1.70405527083012,-1.990533350635129,-2.015537581193984,0.0004337624657511,0.2014980448792201,32.14277785992152,24.27707330832413,39.16298653238707,3.4516879795744755,3690.234,4.179799607333447,2.4757677568281857,1.704031850505261,0.8452775264834013,2.035337591005598,100.0,0.0,,,614,612,202,True,200.0,-0.0875031830501135,-0.0886699893492851,324.53998,326.53997802734375
B0006,4,24.0,2.025140246031412,3.56147580138708,2.35152551190002,4.177288238505559,0.2314150428972292,1.82576272660554,-1.990277542145709,-2.0149020169266376,-0.0002076460832787,0.2019092784154672,32.29307515705474,24.63823886086074,39.2462026826329,3.3954199016861684,3672.344,4.177288238505559,2.35152551190002,1.82576272660554,0.9062231736128136,2.035337591005598,99.49898508143076,0.5010149185692399,-0.0101973449741858,-0.5010149185692399,614,610,202,True,198.0,-0.0875031830501135,-0.0886699893492851,353.14444,357.1444396972656
B0006,6,24.0,2.013326371345464,3.566752469641321,2.440479715106544,4.1781213228923,0.2235489609002163,1.737641607785756,-1.9899467848963857,-2.014434345552428,-0.0006575492150127,0.2024727155112687,32.24414709253608,24.704057719023776,38.999202460252846,3.3498112511075084,3651.641,4.177795470598289,2.440479715106544,1.737315755491745,0.862876963795648,2.035337591005598,98.91854698908898,1.0814530109110194,-0.0118138746859481,-0.5804380923417796,614,608,202,True,196.0,-0.0875031830501135,-0.0886699893492851,322.01822,328.0182189941406
B0006,8,24.0,2.0132846655407413,3.5687953371516272,2.479155853900392,4.1785623580417175,0.2209790874208208,1.6994065041413258,-1.989600928209944,-2.0142051662535234,0.0001981188152475,0.202976043273228,32.14711742429942,24.648384924528084,38.84362777186652,3.34097552798371,3631.563,4.178370492084649,2.479155853900392,1.699214638184257,0.8436277466075065,2.035337591005598,98.91649790372313,1.0835020962768738,-4.170580472262486e-05,-0.0020490853658543,614,606,202,True,194.0,-0.0875031830501135,-0.0886699893492851,317.58893,325.58892822265625
B0006,10,24.0,2.000528337624771,3.563970503289941,2.280187848173442,4.17824995156942,0.2350350947520463,1.898062103395978,-1.98954836065757,-2.013995769332238,-0.0011423311186216,0.2027939059818593,32.06687277315468,24.634206199911688,38.97798888258284,3.335733628730513,3629.172,4.178015652407259,2.280187848173442,1.8978278042338173,0.942970842964347,2.035337591005598,98.28975529491258,1.710244705087419,-0.0127563279159703,-0.6267426088105452,614,604,202,True,192.0,-0.0875031830501135,-0.0886699893492851,328.26456,338.2645568847656
B0006,12,24.0,2.0138990759931645,3.5735512387791406,2.4392842568466446,4.193216523251186,0.2254790767639312,1.7539322664045414,-1.9901040351037365,-2.0151519685741275,-0.0015410535505561,0.2022953831615659,32.03447836207717,24.34339960435996,38.83989920742278,3.4066857624064704,3652.281,4.193216523251186,2.4392842568466446,1.7539322664045414,0.8710383189316441,2.035337591005598,98.9466850557287,1.0533149442713068,0.0133707383683936,0.6569297608161122,614,602,202,True,190.0,-0.0875031830501135,-0.0886699893492851,350.475,362.4750061035156
B0006,14,24.0,2.013101105626967,3.5711391343785897,2.2812068449406446,4.193732603145628,0.2359700655161548,1.912525758204984,-1.9900886222380367,-2.0145081864690626,-0.003149094123493,0.2021566588924074,32.11157496697372,24.43094638944468,39.04610837498471,3.418111771999715,3650.828,4.193679289189224,2.2812068449406446,1.91247244424858,0.9508624121288406,2.035337591005598,98.907479256665,1.092520743335001,-0.0007979703661975,-0.0392057990636942,614,600,202,True,188.0,-0.0875031830501135,-0.0886699893492851,359.50964,373.5096435546875
B0006,16,24.0,1.96878982627284,3.568150746216304,2.366410527029613,4.176826628115461,0.2269030060742154,1.810416101085848,-1.9891170520197208,-2.0146816699579064,-0.0008455879137331,0.2044815234039151,32.112576242471775,24.65043547143169,38.87507521022778,3.361489124744099,3572.453,4.176826628115461,2.366410527029613,1.810416101085848,0.8989888090832892,2.035337591005598,96.73038197560736,3.269618024392642,-0.0443112793541269,-2.177097281057641,614,598,202,True,186.0,-0.0875031830501135,-0.0886699893492851,323.86627,339.86627197265625
B0006,18,24.0,1.9681661764334244,3.569283415581244,2.436020049578708,4.176369138969733,0.2225588245195615,1.740349089391025,-1.9892116643905464,-2.015071955488147,-0.0009662247647393,0.2046990658224278,32.03566207329278,24.564976908542672,38.7260539826455,3.3625006565584763,3550.594,4.1761685240208415,2.436020049578708,1.7401484744421336,0.864080302659157,2.035337591005598,96.6997408749776,3.300259125022407,-0.0006236498394156,-0.0306411006297651,614,596,202,True,184.0,-0.0875031830501135,-0.0886699893492851,323.71225,341.7122497558594
B0006,20,24.0,1.9572307917560536,3.563388513484579,2.1864377487643725,4.176897989902666,0.2402526225604835,1.9904602411382928,-1.989191243247005,-2.0155176072270926,0.0001388226084139,0.2048713624028979,31.99527968872302,24.515019617858613,38.98629728904917,3.385578589102732,3551.25,4.176897989902666,2.1864377487643725,1.9904602411382928,0.9874997602149542,2.035337591005598,96.16246466459876,3.837535335401242,-0.0109353846773707,-0.5372762103788347,614,594,202,True,182.0,-0.0875031830501135,-0.0886699893492851,336.1481,356.1481018066406
B0006,22,24.0,1.9455991514129352,3.566658719765511,2.3406023605912454,4.177579509962451,0.2287529216435241,1.8369771493712053,-1.9891317699701736,-2.014079047237871,-0.0021060459646946,0.2054573708045248,31.87412757184136,24.40648205159496,38.65978861919643,3.3793205188021544,3530.25,4.177579509962451,2.3406023605912454,1.8369771493712053,0.913022763331698,2.035337591005598,95.59098009149795,4.409019908502046,-0.0116316403431184,-0.571484573100804,614,592,202,True,180.0,-0.0875031830501135,-0.0886699893492851,336.92905,358.9290466308594
B0006,25,24.0,1.934750504484113,3.568703597012284,2.4263021374140443,4.177996110793395,0.2245021597962224,1.7516939733793508,-1.9887805507702208,-2.0134697854511865,-0.0009907853602489,0.2065843983752092,32.120959708576166,24.666067568688486,38.84979195732924,3.3808182139223475,3491.016,4.177870678295105,2.4263021374140443,1.7515685408810606,0.8704160258567655,2.035337591005598,95.05796547137972,4.942034528620283,-0.0108486469288222,-0.5330146201182373,614,589,202,True,177.0,-0.0875031830501135,-0.0886699893492851,324.59277,349.5927734375
B0006,27,24.0,1.9232799539368028,3.569207084156356,2.475369770000704,4.176316409477926,0.2216105334001575,1.7009466394772228,-1.988732086640128,-2.0148749194363664,-0.0003236492635691,0.2072942912114452,32.11021168908644,24.81910585902456,38.75128344015104,3.338808503004872,3470.281,4.176124493186459,2.475369770000704,1.700754723185756,0.8443302807236693,2.035337591005598,94.49439554578116,5.505604454218855,-0.01147055054731,-0.5635699255985713,614,587,202,True,175.0,-0.0875031830501135,-0.0886699893492851,313.95496,340.9549560546875
B0006,29,24.0,1.911889930948487,3.5659271296109383,2.342364523655007,4.177992455010172,0.2299104622684298,1.8356279313551649,-1.988720029036864,-2.0144081790374893,-0.0004261867664927,0.2072069655826112,31.98906127891816,24.627666776864352,38.76853764058789,3.374254229146447,3470.0,4.177784195345462,2.342364523655007,1.835419671690456,0.9114420776351048,2.035337591005598,93.93478209204012,6.065217907959891,-0.0113900229883159,-0.5596134537410364,614,585,202,True,173.0,-0.0875031830501135,-0.0886699893492851,335.74088,364.7408752441406
B0006,31,24.0,1.9010667141979305,3.561241727064949,2.188400081882664,4.177439981618572,0.2403587697834046,1.989039899735908,-1.988787404228788,-2.014472686005532,-0.0010580730504302,0.2076990497369646,31.87881444863544,24.45091312956072,38.84686112344348,3.4094253817648514,3450.297,4.1770625256786165,2.188400081882664,1.9886624437959528,0.98789384309503,2.035337591005598,93.40301690486008,6.596983095139919,-0.0108232167505564,-0.531765187180028,614,583,202,True,171.0,-0.0875031830501135,-0.0886699893492851,337.61255,368.612548828125
B0006,33,24.0,1.8891989948061456,3.557881987836072,2.1206980945954057,4.17561570814845,0.244523709215342,2.054917613553044,-1.98859108959304,-2.0146756268214814,-0.0037766213378683,0.2080360311620029,31.7674507110244,24.26604433063594,38.8658897816528,3.442042131356067,3429.407,4.175489274573356,2.1206980945954057,2.05479117997795,1.0218900143415433,2.035337591005598,92.81993331989462,7.180066680105384,-0.0118677193917848,-0.5830835849654648,614,581,202,True,169.0,-0.0875031830501135,-0.0886699893492851,370.25858,403.2585754394531
B0006,35,24.0,1.878278372248849,3.56282437243777,2.369981457799298,4.177602520456299,0.2289925495882759,1.8076210626570008,-1.9884892463229664,-2.015931347705288,0.0009547908042232,0.2089614865733148,31.78991634963658,24.34725293029431,38.647578733807656,3.4218510147625074,3409.484,4.177366324712495,2.369981457799298,1.807384866913197,0.8962434855112058,2.035337591005598,92.2833824005014,7.716617599498605,-0.0109206225572966,-0.5365509193932212,614,579,202,True,167.0,-0.0875031830501135,-0.0886699893492851,326.907,361.9070129394531
B0006,37,24.0,1.8675697161520208,3.559195328016864,2.247991649924625,4.176354539745044,0.2362539061879907,1.928362889820419,-1.988347427444488,-2.01432419683381,0.0003362560415229,0.2093662777742531,31.82883467218067,24.38027426491721,38.79218188173866,3.438861518594519,3390.422,4.176354539745044,2.247991649924625,1.928362889820419,0.9571652072031543,2.035337591005598,91.75724579573613,8.242754204263875,-0.0107086560968281,-0.52613660476527,614,577,202,True,165.0,-0.0875031830501135,-0.0886699893492851,328.46588,365.46588134765625
B0006,39,24.0,1.8675892574453767,3.5580906165580983,2.4115317107898875,4.177450270459645,0.2324882160525024,1.7659185596697575,-1.9774549866256104,-2.015920256743369,-0.0022772410696178,0.2555143974441181,31.890449470827843,24.455293448252306,38.77022223929529,3.452471732465585,3390.281,4.177126477703333,2.8844463698113665,1.2926801078919667,0.8769769745303605,2.035337591005598,91.75820589657847,8.241794103421526,1.954129335590693e-05,0.0009601008423487,614,575,202,True,163.0,-0.0875031830501135,-0.0886699893492851,324.65662,363.6566162109375
B0006,42,24.0,1.979626548250818,3.565899462157853,2.203355846859377,4.174584178175673,0.2366643556634363,1.9712283313162955,-1.9892347833261184,-2.0202081897757225,0.000974138023539,0.2038860410248102,31.51177053595285,24.511611712923585,37.54320599748628,3.103623335557848,3591.734,4.174584178175673,2.203355846859377,1.9712283313162955,0.9752847648646532,2.035337591005598,97.26281070025072,2.737189299749275,0.1120372908054412,5.504604803672251,614,572,202,True,160.0,-0.0875031830501135,-0.0886699893492851,288.77713,330.7771301269531
B0006,46,24.0,1.9575499080884025,3.570814209348872,2.35887751155593,4.175224020262452,0.2257817183072902,1.816346508706522,-1.9890474874073767,-2.014116181004981,-0.0003149484747221,0.2051049765214555,31.874488497680712,24.910587532937,37.90362577530197,3.1350663437202995,3552.297,4.175224020262452,2.35887751155593,1.816346508706522,0.9019492486973786,2.035337591005598,96.17814345585968,3.821856544140317,-0.0220766401624155,-1.084667244391042,614,568,202,True,156.0,-0.0875031830501135,-0.0886699893492851,291.35095,337.3509521484375
B0006,50,24.0,1.9458150170787551,3.5666817833633124,2.218672914041916,4.177217300859919,0.2346094183364103,1.9585443868180028,-1.988682950523383,-2.014039356997488,-0.0012008977604898,0.2054837524109853,31.53911453638972,24.56766501155013,37.6701605139887,3.1381261956274136,3531.578,4.177217300859919,2.218672914041916,1.9585443868180028,0.973026115349775,2.035337591005598,95.6015859814876,4.398414018512398,-0.0117348910096473,-0.5765574743720805,614,564,202,True,152.0,-0.0875031830501135,-0.0886699893492851,289.2844,339.2843933105469
B0006,54,24.0,1.9242461121680088,3.566839274502584,2.339723057947995,4.176681511062203,0.2275721037589103,1.836958453114208,-1.9885447318884863,-2.014851230713757,0.0005293257555654,0.2067225742974954,31.220866832188783,24.224319222372547,37.34166959188387,3.158169521103049,3492.907,4.176514514202052,2.339723057947995,1.8367914562540568,0.9114697704200904,2.035337591005598,94.54186473396278,5.4581352660372175,-0.0215689049107459,-1.05972124752482,614,560,202,True,148.0,-0.0875031830501135,-0.0886699893492851,289.2068,343.206787109375
B0006,58,24.0,1.945981133142164,3.571051969392875,2.399750820894273,4.190384318239257,0.2274735465135579,1.7906334973449836,-1.9885639445355097,-2.013606338093071,-0.0023840361465472,0.205949863235092,31.119005145018026,24.029961629396936,37.28979017254232,3.191016881727366,3511.594,4.190007215931237,2.399750820894273,1.7902563950369634,0.8903210229977823,2.035337591005598,95.60974757905956,4.390252420940428,0.0217350209741546,1.06788284509679,614,556,202,True,144.0,-0.0875031830501135,-0.0886699893492851,291.4406,349.44061279296875
B0006,62,24.0,1.901407930553079,3.56663084740298,2.491410879472442,4.176973413125379,0.2206872835029021,1.6855625336529363,-1.9880563928902784,-2.014324216253238,-0.0016423681986834,0.2082194776973129,31.03324407815673,24.01574359300704,37.16794481484507,3.178274753040712,3431.9370000000054,4.176973413125379,2.491410879472442,1.6855625336529363,0.8374709273013966,2.035337591005598,93.41978151219875,6.580218487801247,-0.0445732025890848,-2.189966066860819,614,552,202,True,140.0,-0.0875031830501135,-0.0886699893492851,286.8719,348.87188720703125
B0006,66,24.0,1.878674213680085,3.552739224085492,2.1387303309558976,4.173452155236546,0.247611408661123,2.034721824280649,-1.9772969675547487,-2.0138293357975146,-0.0013483637694533,0.254357010276143,31.001249222460967,23.89771458163466,37.51577848501052,3.2517471075044155,3431.125,4.173452155236546,2.7669269890921613,1.4065251661443852,1.0110514596469324,2.035337591005598,92.3028308415357,7.697169158464305,-0.0227337168729941,-1.1169506706630583,614,548,202,True,136.0,-0.0875031830501135,-0.0886699893492851,304.8095,370.80950927734375
B0006,70,24.0,1.8683061328264217,3.556095975504661,2.346064498302046,4.1764585468168685,0.2350474792446774,1.8303940485148225,-1.9771693646864963,-2.022139165928567,-0.0002601209110219,0.2551582914599148,30.92143474404136,23.81688709830912,37.24165964092258,3.2514088568578026,3412.406,4.176098578619343,2.835612846717732,1.340485731901612,0.90529354514327,2.035337591005598,91.79342734506018,8.20657265493982,-0.0103680808536632,-0.5094034964755139,614,544,202,True,132.0,-0.0875031830501135,-0.0886699893492851,287.17374,357.1737365722656
B0006,74,24.0,1.8560244070083,3.5504500858303394,2.327337743316428,4.17626102066065,0.2406067659878122,1.8489232773442223,-1.9660385076397235,-2.019521715890847,0.0002252111894657,0.2937138458930206,30.92936024820721,23.762584263292904,37.27233216178077,3.2941943415901576,3410.688,4.17626102066065,2.928394635151109,1.2478663855095409,0.9154232406814312,2.035337591005598,91.19000283836428,8.80999716163572,-0.0122817258181215,-0.6034245066959016,614,540,202,True,128.0,-0.0875031830501135,-0.0886699893492851,256.4332,330.4331970214844
B0006,78,24.0,1.8451997961855773,3.546007083640312,2.486311723336632,4.172855540858831,0.2354492688492975,1.6865438175221992,-1.9445990482746272,-2.0145859231710013,0.0012030807811573,0.3577078373373369,31.00810965793079,23.77382410040801,37.2071345030198,3.341032131000837,3410.718,4.172854589872979,3.077114957598757,1.095739632274222,0.836666840733608,2.035337591005598,90.65816915777204,9.341830842227964,-0.0108246108227225,-0.5318336805922428,614,536,202,True,124.0,-0.0875031830501135,-0.0886699893492851,178.02905,256.029052734375
B0006,82,24.0,1.857228890885317,3.554257954720065,2.292166351092089,4.188187801734904,0.2427128625572547,1.896021450642814,-1.9769156942357176,-2.01454229289152,0.0017843402447845,0.2558933807761204,30.96779499306422,23.7568921940262,37.49607769896255,3.31669361949765,3392.719,4.188187801734904,2.819560586845831,1.3686272148890724,0.9403344773032326,2.035337591005598,91.24918141799353,8.750818582006474,0.0120290946997394,0.5910122602214898,614,532,202,True,120.0,-0.0875031830501135,-0.0886699893492851,287.79123,369.7912292480469
B0006,86,24.0,1.924776088909064,3.555857469677978,2.434300686181212,4.189991619197343,0.2207853625694854,1.7556909330161314,-1.9997552547832569,-2.015096988943597,-0.0027900265773602,0.1470043535498793,31.10097217303459,23.74029655014346,37.25007396118109,3.2531629586518043,3470.672,4.189801024289883,2.434300686181212,1.7555003381086711,0.8724766975668787,2.035337591005598,94.56790349742867,5.432096502571312,0.0675471980237467,3.3187220794351617,614,528,202,True,116.0,-0.0875031830501135,-0.0886699893492851,281.79086,367.7908630371094
B0006,90,24.0,1.8822317526092551,3.5537306734803207,2.472619908000758,4.186982490201218,0.2236896583668776,1.7143625822004598,-1.9884344406296768,-2.0246589334484746,0.0002199461690219,0.2090147822320789,31.307368922041046,24.18583594954418,37.39699052067588,3.156544785963643,3414.109,4.186947861426474,2.9187757391682454,1.2681721222582287,0.8466494462741921,2.035337591005598,92.47761948322794,7.52238051677206,-0.0425443362998085,-2.090284014200748,614,524,202,True,112.0,-0.0875031830501135,-0.0886699893492851,263.166,353.1659851074219
B0006,94,24.0,1.855276687885587,3.545265000362152,2.403422072720937,4.186483106541616,0.2321533209925861,1.7830610338206785,-1.9771310999966945,-2.014540253971324,-0.0013831277471471,0.25597312110332,31.13133998716456,23.96227406279053,37.2852066420257,3.2111654279221145,3395.219,4.186434538254801,2.973956908852585,1.212477629402216,0.8857038581806773,2.035337591005598,91.1532659782966,8.846734021703412,-0.026955064723668,-1.3243535049313522,614,520,202,True,108.0,-0.0875031830501135,-0.0886699893492851,206.97995,300.9799499511719
B0006,98,24.0,1.839250891718188,3.538408778928339,2.4006679782182205,4.187721936001791,0.2362466707050809,1.787053957783571,-1.965705768920947,-2.01409107585058,0.001159493985813,0.2951821945658388,30.82871377910505,23.520157783193987,37.080390421974414,3.273173572550457,3386.0,4.1876767977261,3.0334333724088656,1.1542434253172345,0.8867651420282948,2.035337591005598,90.36588818710268,9.634111812897316,-0.016025796167399,-0.7873777911939044,614,516,202,True,104.0,-0.0875031830501135,-0.0886699893492851,222.73749,320.73748779296875
B0006,102,24.0,1.8185396073994429,3.529768831133268,2.3194299432177345,4.184171356892756,0.2439099480182485,1.8647414136750216,-1.9542494702422435,-2.0132183154407977,0.0012199865224596,0.3301024928060525,30.761533072057244,23.52943289153009,36.98024266357476,3.26325912224477,3368.187,4.183948312348072,3.061692514035773,1.122255798312299,0.9256880252215508,2.035337591005598,89.34830346748316,10.651696532516835,-0.0207112843187451,-1.017584719619521,614,512,202,True,100.0,-0.0875031830501135,-0.0886699893492851,205.80832,307.8083190917969
B0006,106,24.0,1.8134770059567056,3.53006768404233,2.340173173498008,4.186779863144672,0.244307450843308,1.846606689646664,-1.9490605727432448,-2.014277570695985,0.0007126137257657,0.3456683188151143,31.30305692941581,23.947667716448013,37.59874124546701,3.325705159902736,3368.266,4.186703871962386,3.0864214480405137,1.1002824239218727,0.91643458311763,2.035337591005598,89.09956824708976,10.900431752910237,-0.0050626014427372,-0.2487352203933994,614,508,202,True,96.0,-0.0875031830501135,-0.0886699893492851,179.75803,285.7580261230469
B0006,110,24.0,1.7971018450305436,3.5248882875629555,2.382960351080877,4.186482965601712,0.2437596038408747,1.8035226145208347,-1.9373547119632697,-2.014866249205715,0.0010041973417186,0.3750698159946979,31.06432144678013,23.724670891624807,37.33680914521836,3.3542974150774905,3358.719,4.186404820230849,3.137787321824542,1.048617498406307,0.8946619648151073,2.035337591005598,88.29502550201761,11.704974497982391,-0.0163751609261619,-0.8045427450721547,614,504,202,True,92.0,-0.0875031830501135,-0.0886699893492851,172.64516,282.64515686035156
B0006,114,24.0,1.7810046294120476,3.5190926887152725,2.351855540704836,4.184741677172267,0.2466646374551046,1.832886136467432,-1.931260408871348,-2.014036681172477,0.000927975516279,0.3898005855519572,30.96654665282149,23.509674105704786,37.39499820465976,3.4007883405434325,3339.5,4.184538174451997,3.1501156392374963,1.0344225352145004,0.90963686652423,2.035337591005598,87.50413873759919,12.495861262400808,-0.0160972156184959,-0.790886764418417,614,500,202,True,88.0,-0.0875031830501135,-0.0886699893492851,178.52011,292.5201110839844
B0006,118,24.0,1.7710130422682329,3.5151810230271,2.3535104841115886,4.186114015167315,0.2478316884589455,1.8326035310557267,-1.925413982519257,-2.013562007420154,0.0004104562259902,0.4032503267568939,30.82645569799297,23.239016261869025,37.35233964342659,3.473951745369301,3331.265,4.186047633014145,3.1738920422499453,1.0121555907642,0.9099446810399467,2.035337591005598,87.01323309187394,12.986766908126055,-0.0099915871438147,-0.490905645725249,614,496,202,True,84.0,-0.0875031830501135,-0.0886699893492851,175.55956,293.55955505371094
B0006,122,24.0,1.7604712448170945,3.514029112834162,2.3948058223938364,4.186378094589789,0.2462039635221528,1.7915722721959524,-1.9198444871883995,-2.0146073733834746,0.000933218792395,0.4166720426682412,31.080769482413952,23.40832459139638,37.58677381866742,3.524616662385745,3321.188,4.186011762299764,3.1972071497430035,0.9888046125567608,0.8888792808989606,2.035337591005598,86.4952945691579,13.504705430842094,-0.0105417974511383,-0.5179385227160367,614,492,202,True,80.0,-0.0875031830501135,-0.0886699893492851,156.39201,278.3920135498047
B0006,126,24.0,1.7502913788006589,3.514139684003936,2.4418858444380294,4.185742966026202,0.2438026290293721,1.743857121588173,-1.908733158939213,-2.0156412315711094,0.0014623495361316,0.4405439902279281,31.694287817425337,23.99387524361192,38.20704456989348,3.541321887482378,3321.844,4.185653001522096,3.227568458837217,0.9580845426848787,0.8645352365250991,2.035337591005598,85.99513842496731,14.004861575032692,-0.0101798660164356,-0.5001561441905977,614,488,202,True,76.0,-0.0875031830501135,-0.0886699893492851,127.173035,253.17303466796875
B0006,130,24.0,1.7394925037732578,3.509578354212467,2.391848815367812,4.18499542353586,0.2482268101265912,1.7931466081680476,-1.90276801874341,-2.014135597110891,-0.0009765358148676,0.4523465874192101,31.875581783696685,24.22249363678538,38.340431886092745,3.526080775204936,3311.828,4.18499542353586,3.2308580821504327,0.9541373413854268,0.8907128317092158,2.035337591005598,85.46456919285944,14.535430807140555,-0.010798875027401,-0.5305692321078652,614,484,202,True,72.0,-0.0875031830501135,-0.0886699893492851,103.603264,233.60326385498047
B0006,134,24.0,1.7546766553637203,3.5110708693292705,2.3166154227865463,4.175622772952551,0.2572766067465748,1.8590073501660045,-1.909324756651121,-2.013918427729744,0.0005605769329787,0.4388877345508464,31.543288143901563,23.93160080766445,38.521539672721865,3.634659703403752,3327.391,4.17548998383201,3.199633267433362,0.9758567163986482,0.9228228965718368,2.035337591005598,86.21059538809914,13.789404611900864,0.0151841515904624,0.7460261952396934,614,480,202,True,68.0,-0.0875031830501135,-0.0886699893492851,160.22626,294.22625732421875
B0006,136,24.0,1.7659390941842177,3.5159179315855056,2.4110989960643794,4.191704957733779,0.2459852185551819,1.7806059616693997,-1.9306372167933323,-2.0164764928559697,0.0006125224393033,0.3913947338973055,31.420983409991024,23.80004225730534,38.03707160241571,3.5081719161772016,3312.078,4.191559316475808,3.1898103242112006,1.0017489922646077,0.8827602293043793,2.035337591005598,86.76394038945261,13.236059610547386,0.0112624388204973,0.5533450013534775,614,478,202,True,66.0,-0.0875031830501135,-0.0886699893492851,177.80597,313.80596923828125
B0006,140,24.0,1.7337887419624838,3.50585340727078,2.4510125175432287,4.185468369564667,0.2443116740829718,1.7344558520214384,-1.907114151507875,-2.014424639912736,0.0007263099562474,0.4422052936741676,31.15837149963786,23.32504476677704,37.9342856877206,3.62563742991546,3293.172,4.185418639744681,3.2499622126804124,0.9354564270642682,0.8607076567312266,2.035337591005598,85.18433254632082,14.815667453679184,-0.0321503522217339,-1.5796078431317966,614,474,202,True,62.0,-0.0875031830501135,-0.0886699893492851,101.02319,241.023193359375
B0006,144,24.0,1.713325912040734,3.5010379345914444,2.471216186082459,4.184201889006967,0.2435154606775506,1.7129857029245086,-1.8953541357988333,-2.013684034338365,0.0006105952606363,0.4660772511913581,31.15661421699882,23.22751550921504,37.88470784051604,3.66886365748169,3275.328,4.183921653715496,3.276178621777498,0.9077430319379972,0.8504146701049008,2.035337591005598,84.17895486292434,15.821045137075656,-0.0204628299217497,-1.0053776833964747,614,470,202,True,58.0,-0.0875031830501135,-0.0886699893492851,47.281483,191.2814826965332
B0006,148,24.0,1.7024077813673466,3.497407662636496,2.470968641396993,4.185838836583766,0.2445959190290591,1.7148701951867733,-1.8892713805954209,-2.015243276008703,0.0013481309742365,0.4777097893062262,31.206611383963253,23.20127236203539,38.065368726791895,3.719915578953458,3265.016,4.185518250318115,3.2892337937863383,0.8962844565317765,0.8503805923443972,2.035337591005598,83.64252637451848,16.357473625481518,-0.0109181306733874,-0.5364284884058605,614,466,202,True,54.0,-0.0875031830501135,-0.0886699893492851,49.868977,197.86897659301758
B0006,150,24.0,1.82371946178183,3.5388872766749144,2.4288023941361625,4.1729165619005535,0.2309867758956904,1.744114167764391,-1.98193599249298,-2.014822027548639,0.0008839578040008,0.2364515161076043,33.61169282822636,26.602945710082057,39.788440481350335,3.154396442141881,3328.937,4.1729165619005535,2.934951679828825,1.2379648820717284,0.865262186270318,2.035337591005598,89.60279954741002,10.397200452589985,0.1213116804144833,5.960273172891533,614,464,202,True,52.0,-0.0875031830501135,-0.0886699893492851,237.82864,387.8286437988281
B0006,154,24.0,1.8081284050314708,3.5327430295356828,2.3551430866643166,4.186982012423103,0.2418018875756491,1.8318389257587864,-1.9653277079992453,-2.014147642384201,0.0013785124508379,0.2976263378401198,32.85630077141311,25.5878756709222,39.21290317800791,3.3014338549444924,3329.266,4.186882269459454,3.0133583509832325,1.1735239184762212,0.908863882199888,2.035337591005598,88.83678132914206,11.163218670857944,-0.0155910567503592,-0.7660182182679591,614,460,202,True,48.0,-0.0875031830501135,-0.0886699893492851,230.14946,384.1494598388672
B0006,158,24.0,1.7757610945034283,3.521214759733266,2.365933525789291,4.186537777937825,0.2452054406792465,1.820604252148534,-1.9470636598230844,-2.013545732341586,0.0013469218858249,0.3489537540343098,32.210981559158874,24.78851122180796,38.66937823121345,3.4005903322527105,3301.579,4.186537777937825,3.0981920097302105,1.0883457682076143,0.9035738198403552,2.035337591005598,87.246513912519,12.753486087480994,-0.0323673105280424,-1.5902674166230495,614,456,202,True,44.0,-0.0875031830501135,-0.0886699893492851,187.89276,345.89276123046875
B0006,162,24.0,1.7447409841836798,3.509311143950668,2.3481961394586457,4.182282350256796,0.248638831497769,1.8340862107981504,-1.92416284263864,-2.0143501433980724,0.0011884652184539,0.4061890328898604,31.96509008165028,24.29903895658481,38.5170065164806,3.5201708513727663,3283.563,4.182242443277712,3.167346834112308,1.014895609165404,0.9099732463359133,2.035337591005598,85.72243699983238,14.277563000167618,-0.0310201103197484,-1.524076912686624,614,452,202,True,40.0,-0.0875031830501135,-0.0886699893492851,140.5915,302.5915069580078
B0006,166,24.0,1.729207034132373,3.50716091973708,2.46945948630322,4.185961817428056,0.2424586650189987,1.7165023311248355,-1.912447043935375,-2.013955993405398,0.0023455920246722,0.4317752957380261,31.74480184018953,23.98489574710264,38.29250529949152,3.5757503955650507,3275.125,4.185747996173869,3.228685511716086,0.9570624844577827,0.8513122955059877,2.035337591005598,84.95922454210778,15.040775457892224,-0.0155339500513067,-0.763212457724606,614,448,202,True,36.0,-0.0875031830501135,-0.0886699893492851,138.2828,304.2828063964844
B0006,170,24.0,1.7081086552553244,3.500928918686389,2.4666715880697576,4.1836566973224585,0.2430609784085709,1.7169851092527009,-1.8950209973545984,-2.0143598768040447,0.0008097171102984,0.4667188589869889,31.876564068962463,23.99541497188152,38.52091685291118,3.6558828773689824,3265.656,4.183575724123322,3.2595724548548413,0.9240032692684804,0.8520300794721514,2.035337591005598,83.92262113192731,16.077378868072685,-0.0210983788770486,-1.0366034101804615,614,444,202,True,32.0,-0.0875031830501135,-0.0886699893492851,56.4725,226.4724998474121
B0006,174,24.0,1.6975954237461768,3.4973019898820894,2.448293126278513,4.184390004467988,0.2453760679343642,1.7360968781894748,-1.883708243517891,-2.0146981664689427,2.3587764193591595e-05,0.4881903895942605,32.24289319481841,24.295032488841088,38.95436345473558,3.672889296106637,3266.093,4.184332281821813,3.2774199521442657,0.9069123296775476,0.8617055305735186,2.035337591005598,83.40608610817466,16.593913891825338,-0.0105132315091476,-0.5165350237526525,614,440,202,True,28.0,-0.0875031830501135,-0.0886699893492851,56.26929,230.26929092407227
B0006,178,24.0,1.6820634524029463,3.492903830118716,2.4745215382882586,4.184732708741646,0.2438793645597097,1.7102111704533876,-1.8716651994380047,-2.0150505202774576,0.0028840576269616,0.508922907014493,32.07305565938816,24.10547107270791,38.73136385469604,3.6834438401651113,3257.594,4.184698116905854,3.309541910489555,0.8751562064162988,0.8475057562219902,2.035337591005598,82.64297086813447,17.35702913186553,-0.0155319713432304,-0.763115240040193,614,436,202,True,24.0,-0.0875031830501135,-0.0886699893492851,27.073118,205.07311820983887
B0006,182,24.0,1.6714768322295086,3.488659224822318,2.469127855241356,4.185835940524748,0.2448974746562021,1.716708085283392,-1.8654809345089407,-2.016431910751689,0.0008062258329325,0.5191412899392004,32.0301409298912,23.97620032331416,38.74827601131975,3.74788604064954,3248.593,4.185835940524748,3.3229457962953464,0.8628901442294015,0.8510190513203086,2.035337591005598,82.1228301199745,17.877169880025505,-0.0105866201734377,-0.5201407481599745,614,432,202,True,20.0,-0.0875031830501135,-0.0886699893492851,29.399103,211.39910316467285
B0006,186,24.0,1.6607591387047655,3.482293080477401,2.4177173347922416,4.185703389994729,0.2489494176128845,1.7679860552024875,-1.8592903578576,-2.013961242413253,0.0013000288987228,0.5292867036601664,31.984935871368258,23.819965773306656,38.84227056628921,3.8030419719405057,3238.766,4.185426189138305,3.3268774953647884,0.8585486937735163,0.8772986810050157,2.035337591005598,81.59624948921793,18.403750510782075,-0.010717693524743,-0.5265806307565697,614,428,202,True,16.0,-0.0875031830501135,-0.0886699893492851,28.663797,214.66379737854004
B0006,190,24.0,1.651121015038069,3.477575664197982,2.3775131079338427,4.184887437252902,0.2514916927324808,1.80737432931906,-1.848156298789804,-2.01427897654196,3.3324869557570366e-05,0.5476209059238868,32.23677365476226,23.93813574784708,39.22138199620832,3.8864318857653655,3240.14,4.184463046346399,3.336400100467817,0.8480629458785818,0.8972661925623713,2.035337591005598,81.12271017518528,18.877289824814724,-0.0096381236666964,-0.4735393140326493,614,424,202,True,12.0,-0.0875031830501135,-0.0886699893492851,31.35499,221.35499000549316
B0006,194,24.0,1.640134925619093,3.478743650648925,2.443723814618984,4.1845671326128535,0.2474382290635301,1.7408433179938694,-1.841574247353844,-2.0170700253976435,0.0008339594777993,0.5572043810030383,32.56097148037261,24.4429147063286,39.46651089916252,3.7845576572627713,3230.109,4.18451874454039,3.3562313241233728,0.8282874204170172,0.8626987859887321,2.035337591005598,80.58294274458679,19.41705725541321,-0.0109860894189761,-0.5397674305984879,614,420,202,True,8.0,-0.0875031830501135,-0.0886699893492851,28.570898,222.57089805603027
B0006,198,24.0,1.629199941616544,3.4740152461288862,2.4324278256917147,4.184590722398005,0.2478147664618082,1.75216289670629,-1.8297533943331723,-2.0153270924031044,0.0022672987245563,0.5744007772604264,32.48984985901219,24.244880453394085,39.352653481724175,3.835762334103568,3229.7810000000027,4.184454576919845,3.371466361383496,0.812988215536349,0.868441597781694,2.035337591005598,80.04568622012263,19.954313779877367,-0.0109349840025489,-0.537256524464155,614,416,202,True,4.0,-0.0875031830501135,-0.0886699893492851,29.608892,227.6088924407959
B0006,202,24.0,1.6088496302961666,3.4718387718772696,2.494085641889116,4.181227276564003,0.2422602086439929,1.6871416346748864,-1.817086069772996,-2.0264444143525524,0.0025875856512713,0.59213769752695,32.42612199208859,24.11448837545242,39.31890647034385,3.8710134033093055,3212.469,4.181070202610792,3.396018761698921,0.7850514409118712,0.8315007524138146,2.035337591005598,79.04583678923177,20.95416321076823,-0.0203503113203773,-0.999849430890862,614,412,202,True,0.0,-0.0875031830501135,-0.0886699893492851,23.6666,225.66659927368164
