model,test_cell,MAE,RMSE,R2
Linear,B0005,0.8506241700286804,1.0509966345795956,0.9894369986176894
Linear,B0006,6.418053361000865,6.48211014263835,0.7243445838401449
Linear,B0007,5.032167127441322,5.391233635377706,0.5963616799605933
Linear,B0018,5.195686333435277,5.574781632562828,0.5508082594476806
Ridge,B0005,7.697654841688082,7.729301387835552,0.4286987557189824
Ridge,B0006,7.34973449631835,7.398317457540834,0.6409130327585029
Ridge,B0007,11.275121011384172,11.632092163713997,-0.8790215167496485
Ridge,B0018,5.546359106119876,5.625523343697944,0.5425939511602265
RandomForest,B0005,3.0877394686482895,3.791858614427288,0.8625043504326378
RandomForest,B0006,7.760611739289343,8.203736145843207,0.5584731841219095
RandomForest,B0007,1.0380271225297484,1.4635290354440844,0.9702546714603992
RandomForest,B0018,1.8181859430024865,2.2664294264936364,0.9257561573387494
XGBoost,B0005,2.6156653057590247,3.4554299365071017,0.8858203075511704
XGBoost,B0006,7.297098203142512,7.687705499475906,0.612271974334275
XGBoost,B0007,1.8806639254262845,2.4055558879578234,0.9196386938936323
XGBoost,B0018,1.9593890979609543,2.4748846846884978,0.9114709146188602
