feature,importance,rank
voltage_mean,0.44870818,1
temperature_std,0.11617466,2
current_std,0.11094406,3
voltage_drop,0.10041474,4
load_a,0.053271055,5
last_load_a,0.0406058,6
current_mean,0.037503492,7
voltage_end,0.024841981,8
discharge_duration_s,0.02297187,9
sl_voltage_mean,0.012647072,10
voltage_start,0.0069625117,11
voltage_max,0.004642332,12
current_min,0.0021125784,13
temperature_max,0.0021092999,14
sl_voltage_end,0.0018284842,15
delta_load_a,0.0016037102,16
sl_voltage_drop,0.0015263117,17
sl_discharge_duration_s,0.0014748079,18
prev_capacity_change_ah,0.0012283311,19
temperature_min,0.0010830695,20
sl_temperature_mean,0.0009378246,21
temperature_mean,0.0009277178,22
d_voltage_drop,0.00083259225,23
d_voltage_end,0.0008235875,24
voltage_std,0.000738739,25
d_discharge_duration_s,0.0007099098,26
sl_resistance_proxy_ohm,0.00060856657,27
voltage_min,0.00058830035,28
d_resistance_proxy_ohm,0.00055866846,29
d_temperature_mean,0.0004906917,30
current_max,0.00012907274,31
voltage_range,0.0,33
resistance_proxy_ohm,0.0,33
d_voltage_mean,0.0,33
