cell_id,cycle,ambient_temperature,capacity_ah,voltage_mean,voltage_min,voltage_max,voltage_std,voltage_range,current_mean,current_min,current_max,current_std,temperature_mean,temperature_min,temperature_max,temperature_std,discharge_duration_s,voltage_start,voltage_end,voltage_drop,resistance_proxy_ohm,reference_capacity_ah,soh,capacity_fade_pct,capacity_change_ah,soh_change_pct,eol_cycle_observed,rul_cycles,eol_cycle_threshold,is_pre_eol,rul_cycles_80,soh_slope_pct_per_cycle,soh_slope_early_pct_per_cycle,predicted_soh
B0006,2,24.0,2.035337591005598,3.556946061827572,2.4757677568281857,4.179823027658306,0.2260193210975841,1.70405527083012,-1.990533350635129,-2.015537581193984,0.0004337624657511,0.2014980448792201,32.14277785992152,24.27707330832413,39.16298653238707,3.4516879795744755,3690.234,4.179799607333447,2.4757677568281857,1.704031850505261,0.8452775264834013,2.035337591005598,100.0,0.0,,,614,612,202,True,200.0,-0.0875031830501135,-0.0886699893492851,99.734085
B0006,4,24.0,2.025140246031412,3.56147580138708,2.35152551190002,4.177288238505559,0.2314150428972292,1.82576272660554,-1.990277542145709,-2.0149020169266376,-0.0002076460832787,0.2019092784154672,32.29307515705474,24.63823886086074,39.2462026826329,3.3954199016861684,3672.344,4.177288238505559,2.35152551190002,1.82576272660554,0.9062231736128136,2.035337591005598,99.49898508143076,0.5010149185692399,-0.0101973449741858,-0.5010149185692399,614,610,202,True,198.0,-0.0875031830501135,-0.0886699893492851,99.46482
B0006,6,24.0,2.013326371345464,3.566752469641321,2.440479715106544,4.1781213228923,0.2235489609002163,1.737641607785756,-1.9899467848963857,-2.014434345552428,-0.0006575492150127,0.2024727155112687,32.24414709253608,24.704057719023776,38.999202460252846,3.3498112511075084,3651.641,4.177795470598289,2.440479715106544,1.737315755491745,0.862876963795648,2.035337591005598,98.91854698908898,1.0814530109110194,-0.0118138746859481,-0.5804380923417796,614,608,202,True,196.0,-0.0875031830501135,-0.0886699893492851,99.446846
B0006,8,24.0,2.0132846655407413,3.5687953371516272,2.479155853900392,4.1785623580417175,0.2209790874208208,1.6994065041413258,-1.989600928209944,-2.0142051662535234,0.0001981188152475,0.202976043273228,32.14711742429942,24.648384924528084,38.84362777186652,3.34097552798371,3631.563,4.178370492084649,2.479155853900392,1.699214638184257,0.8436277466075065,2.035337591005598,98.91649790372313,1.0835020962768738,-4.170580472262486e-05,-0.0020490853658543,614,606,202,True,194.0,-0.0875031830501135,-0.0886699893492851,99.28894
B0006,10,24.0,2.000528337624771,3.563970503289941,2.280187848173442,4.17824995156942,0.2350350947520463,1.898062103395978,-1.98954836065757,-2.013995769332238,-0.0011423311186216,0.2027939059818593,32.06687277315468,24.634206199911688,38.97798888258284,3.335733628730513,3629.172,4.178015652407259,2.280187848173442,1.8978278042338173,0.942970842964347,2.035337591005598,98.28975529491258,1.710244705087419,-0.0127563279159703,-0.6267426088105452,614,604,202,True,192.0,-0.0875031830501135,-0.0886699893492851,99.29705
B0006,12,24.0,2.0138990759931645,3.5735512387791406,2.4392842568466446,4.193216523251186,0.2254790767639312,1.7539322664045414,-1.9901040351037365,-2.0151519685741275,-0.0015410535505561,0.2022953831615659,32.03447836207717,24.34339960435996,38.83989920742278,3.4066857624064704,3652.281,4.193216523251186,2.4392842568466446,1.7539322664045414,0.8710383189316441,2.035337591005598,98.9466850557287,1.0533149442713068,0.0133707383683936,0.6569297608161122,614,602,202,True,190.0,-0.0875031830501135,-0.0886699893492851,99.33977
B0006,14,24.0,2.013101105626967,3.5711391343785897,2.2812068449406446,4.193732603145628,0.2359700655161548,1.912525758204984,-1.9900886222380367,-2.0145081864690626,-0.003149094123493,0.2021566588924074,32.11157496697372,24.43094638944468,39.04610837498471,3.418111771999715,3650.828,4.193679289189224,2.2812068449406446,1.91247244424858,0.9508624121288406,2.035337591005598,98.907479256665,1.092520743335001,-0.0007979703661975,-0.0392057990636942,614,600,202,True,188.0,-0.0875031830501135,-0.0886699893492851,99.14094
B0006,16,24.0,1.96878982627284,3.568150746216304,2.366410527029613,4.176826628115461,0.2269030060742154,1.810416101085848,-1.9891170520197208,-2.0146816699579064,-0.0008455879137331,0.2044815234039151,32.112576242471775,24.65043547143169,38.87507521022778,3.361489124744099,3572.453,4.176826628115461,2.366410527029613,1.810416101085848,0.8989888090832892,2.035337591005598,96.73038197560736,3.269618024392642,-0.0443112793541269,-2.177097281057641,614,598,202,True,186.0,-0.0875031830501135,-0.0886699893492851,99.22363
B0006,18,24.0,1.9681661764334244,3.569283415581244,2.436020049578708,4.176369138969733,0.2225588245195615,1.740349089391025,-1.9892116643905464,-2.015071955488147,-0.0009662247647393,0.2046990658224278,32.03566207329278,24.564976908542672,38.7260539826455,3.3625006565584763,3550.594,4.1761685240208415,2.436020049578708,1.7401484744421336,0.864080302659157,2.035337591005598,96.6997408749776,3.300259125022407,-0.0006236498394156,-0.0306411006297651,614,596,202,True,184.0,-0.0875031830501135,-0.0886699893492851,99.025276
B0006,20,24.0,1.9572307917560536,3.563388513484579,2.1864377487643725,4.176897989902666,0.2402526225604835,1.9904602411382928,-1.989191243247005,-2.0155176072270926,0.0001388226084139,0.2048713624028979,31.99527968872302,24.515019617858613,38.98629728904917,3.385578589102732,3551.25,4.176897989902666,2.1864377487643725,1.9904602411382928,0.9874997602149542,2.035337591005598,96.16246466459876,3.837535335401242,-0.0109353846773707,-0.5372762103788347,614,594,202,True,182.0,-0.0875031830501135,-0.0886699893492851,98.98134
B0006,22,24.0,1.9455991514129352,3.566658719765511,2.3406023605912454,4.177579509962451,0.2287529216435241,1.8369771493712053,-1.9891317699701736,-2.014079047237871,-0.0021060459646946,0.2054573708045248,31.87412757184136,24.40648205159496,38.65978861919643,3.3793205188021544,3530.25,4.177579509962451,2.3406023605912454,1.8369771493712053,0.913022763331698,2.035337591005598,95.59098009149795,4.409019908502046,-0.0116316403431184,-0.571484573100804,614,592,202,True,180.0,-0.0875031830501135,-0.0886699893492851,98.77275
B0006,25,24.0,1.934750504484113,3.568703597012284,2.4263021374140443,4.177996110793395,0.2245021597962224,1.7516939733793508,-1.9887805507702208,-2.0134697854511865,-0.0009907853602489,0.2065843983752092,32.120959708576166,24.666067568688486,38.84979195732924,3.3808182139223475,3491.016,4.177870678295105,2.4263021374140443,1.7515685408810606,0.8704160258567655,2.035337591005598,95.05796547137972,4.942034528620283,-0.0108486469288222,-0.5330146201182373,614,589,202,True,177.0,-0.0875031830501135,-0.0886699893492851,98.77758
B0006,27,24.0,1.9232799539368028,3.569207084156356,2.475369770000704,4.176316409477926,0.2216105334001575,1.7009466394772228,-1.988732086640128,-2.0148749194363664,-0.0003236492635691,0.2072942912114452,32.11021168908644,24.81910585902456,38.75128344015104,3.338808503004872,3470.281,4.176124493186459,2.475369770000704,1.700754723185756,0.8443302807236693,2.035337591005598,94.49439554578116,5.505604454218855,-0.01147055054731,-0.5635699255985713,614,587,202,True,175.0,-0.0875031830501135,-0.0886699893492851,98.63635
B0006,29,24.0,1.911889930948487,3.5659271296109383,2.342364523655007,4.177992455010172,0.2299104622684298,1.8356279313551649,-1.988720029036864,-2.0144081790374893,-0.0004261867664927,0.2072069655826112,31.98906127891816,24.627666776864352,38.76853764058789,3.374254229146447,3470.0,4.177784195345462,2.342364523655007,1.835419671690456,0.9114420776351048,2.035337591005598,93.93478209204012,6.065217907959891,-0.0113900229883159,-0.5596134537410364,614,585,202,True,173.0,-0.0875031830501135,-0.0886699893492851,98.57121
B0006,31,24.0,1.9010667141979305,3.561241727064949,2.188400081882664,4.177439981618572,0.2403587697834046,1.989039899735908,-1.988787404228788,-2.014472686005532,-0.0010580730504302,0.2076990497369646,31.87881444863544,24.45091312956072,38.84686112344348,3.4094253817648514,3450.297,4.1770625256786165,2.188400081882664,1.9886624437959528,0.98789384309503,2.035337591005598,93.40301690486008,6.596983095139919,-0.0108232167505564,-0.531765187180028,614,583,202,True,171.0,-0.0875031830501135,-0.0886699893492851,98.532135
B0006,33,24.0,1.8891989948061456,3.557881987836072,2.1206980945954057,4.17561570814845,0.244523709215342,2.054917613553044,-1.98859108959304,-2.0146756268214814,-0.0037766213378683,0.2080360311620029,31.7674507110244,24.26604433063594,38.8658897816528,3.442042131356067,3429.407,4.175489274573356,2.1206980945954057,2.05479117997795,1.0218900143415433,2.035337591005598,92.81993331989462,7.180066680105384,-0.0118677193917848,-0.5830835849654648,614,581,202,True,169.0,-0.0875031830501135,-0.0886699893492851,98.41772
B0006,35,24.0,1.878278372248849,3.56282437243777,2.369981457799298,4.177602520456299,0.2289925495882759,1.8076210626570008,-1.9884892463229664,-2.015931347705288,0.0009547908042232,0.2089614865733148,31.78991634963658,24.34725293029431,38.647578733807656,3.4218510147625074,3409.484,4.177366324712495,2.369981457799298,1.807384866913197,0.8962434855112058,2.035337591005598,92.2833824005014,7.716617599498605,-0.0109206225572966,-0.5365509193932212,614,579,202,True,167.0,-0.0875031830501135,-0.0886699893492851,98.161476
B0006,37,24.0,1.8675697161520208,3.559195328016864,2.247991649924625,4.176354539745044,0.2362539061879907,1.928362889820419,-1.988347427444488,-2.01432419683381,0.0003362560415229,0.2093662777742531,31.82883467218067,24.38027426491721,38.79218188173866,3.438861518594519,3390.422,4.176354539745044,2.247991649924625,1.928362889820419,0.9571652072031543,2.035337591005598,91.75724579573613,8.242754204263875,-0.0107086560968281,-0.52613660476527,614,577,202,True,165.0,-0.0875031830501135,-0.0886699893492851,97.83476
B0006,39,24.0,1.8675892574453767,3.5580906165580983,2.4115317107898875,4.177450270459645,0.2324882160525024,1.7659185596697575,-1.9774549866256104,-2.015920256743369,-0.0022772410696178,0.2555143974441181,31.890449470827843,24.455293448252306,38.77022223929529,3.452471732465585,3390.281,4.177126477703333,2.8844463698113665,1.2926801078919667,0.8769769745303605,2.035337591005598,91.75820589657847,8.241794103421526,1.954129335590693e-05,0.0009601008423487,614,575,202,True,163.0,-0.0875031830501135,-0.0886699893492851,97.789894
B0006,42,24.0,1.979626548250818,3.565899462157853,2.203355846859377,4.174584178175673,0.2366643556634363,1.9712283313162955,-1.9892347833261184,-2.0202081897757225,0.000974138023539,0.2038860410248102,31.51177053595285,24.511611712923585,37.54320599748628,3.103623335557848,3591.734,4.174584178175673,2.203355846859377,1.9712283313162955,0.9752847648646532,2.035337591005598,97.26281070025072,2.737189299749275,0.1120372908054412,5.504604803672251,614,572,202,True,160.0,-0.0875031830501135,-0.0886699893492851,99.2241
B0006,46,24.0,1.9575499080884025,3.570814209348872,2.35887751155593,4.175224020262452,0.2257817183072902,1.816346508706522,-1.9890474874073767,-2.014116181004981,-0.0003149484747221,0.2051049765214555,31.874488497680712,24.910587532937,37.90362577530197,3.1350663437202995,3552.297,4.175224020262452,2.35887751155593,1.816346508706522,0.9019492486973786,2.035337591005598,96.17814345585968,3.821856544140317,-0.0220766401624155,-1.084667244391042,614,568,202,True,156.0,-0.0875031830501135,-0.0886699893492851,99.13422
B0006,50,24.0,1.9458150170787551,3.5666817833633124,2.218672914041916,4.177217300859919,0.2346094183364103,1.9585443868180028,-1.988682950523383,-2.014039356997488,-0.0012008977604898,0.2054837524109853,31.53911453638972,24.56766501155013,37.6701605139887,3.1381261956274136,3531.578,4.177217300859919,2.218672914041916,1.9585443868180028,0.973026115349775,2.035337591005598,95.6015859814876,4.398414018512398,-0.0117348910096473,-0.5765574743720805,614,564,202,True,152.0,-0.0875031830501135,-0.0886699893492851,98.96766
B0006,54,24.0,1.9242461121680088,3.566839274502584,2.339723057947995,4.176681511062203,0.2275721037589103,1.836958453114208,-1.9885447318884863,-2.014851230713757,0.0005293257555654,0.2067225742974954,31.220866832188783,24.224319222372547,37.34166959188387,3.158169521103049,3492.907,4.176514514202052,2.339723057947995,1.8367914562540568,0.9114697704200904,2.035337591005598,94.54186473396278,5.4581352660372175,-0.0215689049107459,-1.05972124752482,614,560,202,True,148.0,-0.0875031830501135,-0.0886699893492851,98.87363
B0006,58,24.0,1.945981133142164,3.571051969392875,2.399750820894273,4.190384318239257,0.2274735465135579,1.7906334973449836,-1.9885639445355097,-2.013606338093071,-0.0023840361465472,0.205949863235092,31.119005145018026,24.029961629396936,37.28979017254232,3.191016881727366,3511.594,4.190007215931237,2.399750820894273,1.7902563950369634,0.8903210229977823,2.035337591005598,95.60974757905956,4.390252420940428,0.0217350209741546,1.06788284509679,614,556,202,True,144.0,-0.0875031830501135,-0.0886699893492851,98.94357
B0006,62,24.0,1.901407930553079,3.56663084740298,2.491410879472442,4.176973413125379,0.2206872835029021,1.6855625336529363,-1.9880563928902784,-2.014324216253238,-0.0016423681986834,0.2082194776973129,31.03324407815673,24.01574359300704,37.16794481484507,3.178274753040712,3431.9370000000054,4.176973413125379,2.491410879472442,1.6855625336529363,0.8374709273013966,2.035337591005598,93.41978151219875,6.580218487801247,-0.0445732025890848,-2.189966066860819,614,552,202,True,140.0,-0.0875031830501135,-0.0886699893492851,98.472
B0006,66,24.0,1.878674213680085,3.552739224085492,2.1387303309558976,4.173452155236546,0.247611408661123,2.034721824280649,-1.9772969675547487,-2.0138293357975146,-0.0013483637694533,0.254357010276143,31.001249222460967,23.89771458163466,37.51577848501052,3.2517471075044155,3431.125,4.173452155236546,2.7669269890921613,1.4065251661443852,1.0110514596469324,2.035337591005598,92.3028308415357,7.697169158464305,-0.0227337168729941,-1.1169506706630583,614,548,202,True,136.0,-0.0875031830501135,-0.0886699893492851,98.45045
B0006,70,24.0,1.8683061328264217,3.556095975504661,2.346064498302046,4.1764585468168685,0.2350474792446774,1.8303940485148225,-1.9771693646864963,-2.022139165928567,-0.0002601209110219,0.2551582914599148,30.92143474404136,23.81688709830912,37.24165964092258,3.2514088568578026,3412.406,4.176098578619343,2.835612846717732,1.340485731901612,0.90529354514327,2.035337591005598,91.79342734506018,8.20657265493982,-0.0103680808536632,-0.5094034964755139,614,544,202,True,132.0,-0.0875031830501135,-0.0886699893492851,98.16465
B0006,74,24.0,1.8560244070083,3.5504500858303394,2.327337743316428,4.17626102066065,0.2406067659878122,1.8489232773442223,-1.9660385076397235,-2.019521715890847,0.0002252111894657,0.2937138458930206,30.92936024820721,23.762584263292904,37.27233216178077,3.2941943415901576,3410.688,4.17626102066065,2.928394635151109,1.2478663855095409,0.9154232406814312,2.035337591005598,91.19000283836428,8.80999716163572,-0.0122817258181215,-0.6034245066959016,614,540,202,True,128.0,-0.0875031830501135,-0.0886699893492851,98.151855
B0006,78,24.0,1.8451997961855773,3.546007083640312,2.486311723336632,4.172855540858831,0.2354492688492975,1.6865438175221992,-1.9445990482746272,-2.0145859231710013,0.0012030807811573,0.3577078373373369,31.00810965793079,23.77382410040801,37.2071345030198,3.341032131000837,3410.718,4.172854589872979,3.077114957598757,1.095739632274222,0.836666840733608,2.035337591005598,90.65816915777204,9.341830842227964,-0.0108246108227225,-0.5318336805922428,614,536,202,True,124.0,-0.0875031830501135,-0.0886699893492851,98.31405
B0006,82,24.0,1.857228890885317,3.554257954720065,2.292166351092089,4.188187801734904,0.2427128625572547,1.896021450642814,-1.9769156942357176,-2.01454229289152,0.0017843402447845,0.2558933807761204,30.96779499306422,23.7568921940262,37.49607769896255,3.31669361949765,3392.719,4.188187801734904,2.819560586845831,1.3686272148890724,0.9403344773032326,2.035337591005598,91.24918141799353,8.750818582006474,0.0120290946997394,0.5910122602214898,614,532,202,True,120.0,-0.0875031830501135,-0.0886699893492851,97.76513
B0006,86,24.0,1.924776088909064,3.555857469677978,2.434300686181212,4.189991619197343,0.2207853625694854,1.7556909330161314,-1.9997552547832569,-2.015096988943597,-0.0027900265773602,0.1470043535498793,31.10097217303459,23.74029655014346,37.25007396118109,3.2531629586518043,3470.672,4.189801024289883,2.434300686181212,1.7555003381086711,0.8724766975668787,2.035337591005598,94.56790349742867,5.432096502571312,0.0675471980237467,3.3187220794351617,614,528,202,True,116.0,-0.0875031830501135,-0.0886699893492851,99.14626
B0006,90,24.0,1.8822317526092551,3.5537306734803207,2.472619908000758,4.186982490201218,0.2236896583668776,1.7143625822004598,-1.9884344406296768,-2.0246589334484746,0.0002199461690219,0.2090147822320789,31.307368922041046,24.18583594954418,37.39699052067588,3.156544785963643,3414.109,4.186947861426474,2.9187757391682454,1.2681721222582287,0.8466494462741921,2.035337591005598,92.47761948322794,7.52238051677206,-0.0425443362998085,-2.090284014200748,614,524,202,True,112.0,-0.0875031830501135,-0.0886699893492851,98.48341
B0006,94,24.0,1.855276687885587,3.545265000362152,2.403422072720937,4.186483106541616,0.2321533209925861,1.7830610338206785,-1.9771310999966945,-2.014540253971324,-0.0013831277471471,0.25597312110332,31.13133998716456,23.96227406279053,37.2852066420257,3.2111654279221145,3395.219,4.186434538254801,2.973956908852585,1.212477629402216,0.8857038581806773,2.035337591005598,91.1532659782966,8.846734021703412,-0.026955064723668,-1.3243535049313522,614,520,202,True,108.0,-0.0875031830501135,-0.0886699893492851,97.97689
B0006,98,24.0,1.839250891718188,3.538408778928339,2.4006679782182205,4.187721936001791,0.2362466707050809,1.787053957783571,-1.965705768920947,-2.01409107585058,0.001159493985813,0.2951821945658388,30.82871377910505,23.520157783193987,37.080390421974414,3.273173572550457,3386.0,4.1876767977261,3.0334333724088656,1.1542434253172345,0.8867651420282948,2.035337591005598,90.36588818710268,9.634111812897316,-0.016025796167399,-0.7873777911939044,614,516,202,True,104.0,-0.0875031830501135,-0.0886699893492851,97.61261
B0006,102,24.0,1.8185396073994429,3.529768831133268,2.3194299432177345,4.184171356892756,0.2439099480182485,1.8647414136750216,-1.9542494702422435,-2.0132183154407977,0.0012199865224596,0.3301024928060525,30.761533072057244,23.52943289153009,36.98024266357476,3.26325912224477,3368.187,4.183948312348072,3.061692514035773,1.122255798312299,0.9256880252215508,2.035337591005598,89.34830346748316,10.651696532516835,-0.0207112843187451,-1.017584719619521,614,512,202,True,100.0,-0.0875031830501135,-0.0886699893492851,96.71887
B0006,106,24.0,1.8134770059567056,3.53006768404233,2.340173173498008,4.186779863144672,0.244307450843308,1.846606689646664,-1.9490605727432448,-2.014277570695985,0.0007126137257657,0.3456683188151143,31.30305692941581,23.947667716448013,37.59874124546701,3.325705159902736,3368.266,4.186703871962386,3.0864214480405137,1.1002824239218727,0.91643458311763,2.035337591005598,89.09956824708976,10.900431752910237,-0.0050626014427372,-0.2487352203933994,614,508,202,True,96.0,-0.0875031830501135,-0.0886699893492851,96.99301
B0006,110,24.0,1.7971018450305436,3.5248882875629555,2.382960351080877,4.186482965601712,0.2437596038408747,1.8035226145208347,-1.9373547119632697,-2.014866249205715,0.0010041973417186,0.3750698159946979,31.06432144678013,23.724670891624807,37.33680914521836,3.3542974150774905,3358.719,4.186404820230849,3.137787321824542,1.048617498406307,0.8946619648151073,2.035337591005598,88.29502550201761,11.704974497982391,-0.0163751609261619,-0.8045427450721547,614,504,202,True,92.0,-0.0875031830501135,-0.0886699893492851,96.12523
B0006,114,24.0,1.7810046294120476,3.5190926887152725,2.351855540704836,4.184741677172267,0.2466646374551046,1.832886136467432,-1.931260408871348,-2.014036681172477,0.000927975516279,0.3898005855519572,30.96654665282149,23.509674105704786,37.39499820465976,3.4007883405434325,3339.5,4.184538174451997,3.1501156392374963,1.0344225352145004,0.90963686652423,2.035337591005598,87.50413873759919,12.495861262400808,-0.0160972156184959,-0.790886764418417,614,500,202,True,88.0,-0.0875031830501135,-0.0886699893492851,95.4865
B0006,118,24.0,1.7710130422682329,3.5151810230271,2.3535104841115886,4.186114015167315,0.2478316884589455,1.8326035310557267,-1.925413982519257,-2.013562007420154,0.0004104562259902,0.4032503267568939,30.82645569799297,23.239016261869025,37.35233964342659,3.473951745369301,3331.265,4.186047633014145,3.1738920422499453,1.0121555907642,0.9099446810399467,2.035337591005598,87.01323309187394,12.986766908126055,-0.0099915871438147,-0.490905645725249,614,496,202,True,84.0,-0.0875031830501135,-0.0886699893492851,94.985504
B0006,122,24.0,1.7604712448170945,3.514029112834162,2.3948058223938364,4.186378094589789,0.2462039635221528,1.7915722721959524,-1.9198444871883995,-2.0146073733834746,0.000933218792395,0.4166720426682412,31.080769482413952,23.40832459139638,37.58677381866742,3.524616662385745,3321.188,4.186011762299764,3.1972071497430035,0.9888046125567608,0.8888792808989606,2.035337591005598,86.4952945691579,13.504705430842094,-0.0105417974511383,-0.5179385227160367,614,492,202,True,80.0,-0.0875031830501135,-0.0886699893492851,94.21607
B0006,126,24.0,1.7502913788006589,3.514139684003936,2.4418858444380294,4.185742966026202,0.2438026290293721,1.743857121588173,-1.908733158939213,-2.0156412315711094,0.0014623495361316,0.4405439902279281,31.694287817425337,23.99387524361192,38.20704456989348,3.541321887482378,3321.844,4.185653001522096,3.227568458837217,0.9580845426848787,0.8645352365250991,2.035337591005598,85.99513842496731,14.004861575032692,-0.0101798660164356,-0.5001561441905977,614,488,202,True,76.0,-0.0875031830501135,-0.0886699893492851,93.61749
B0006,130,24.0,1.7394925037732578,3.509578354212467,2.391848815367812,4.18499542353586,0.2482268101265912,1.7931466081680476,-1.90276801874341,-2.014135597110891,-0.0009765358148676,0.4523465874192101,31.875581783696685,24.22249363678538,38.340431886092745,3.526080775204936,3311.828,4.18499542353586,3.2308580821504327,0.9541373413854268,0.8907128317092158,2.035337591005598,85.46456919285944,14.535430807140555,-0.010798875027401,-0.5305692321078652,614,484,202,True,72.0,-0.0875031830501135,-0.0886699893492851,92.664
B0006,134,24.0,1.7546766553637203,3.5110708693292705,2.3166154227865463,4.175622772952551,0.2572766067465748,1.8590073501660045,-1.909324756651121,-2.013918427729744,0.0005605769329787,0.4388877345508464,31.543288143901563,23.93160080766445,38.521539672721865,3.634659703403752,3327.391,4.17548998383201,3.199633267433362,0.9758567163986482,0.9228228965718368,2.035337591005598,86.21059538809914,13.789404611900864,0.0151841515904624,0.7460261952396934,614,480,202,True,68.0,-0.0875031830501135,-0.0886699893492851,93.30431
B0006,136,24.0,1.7659390941842177,3.5159179315855056,2.4110989960643794,4.191704957733779,0.2459852185551819,1.7806059616693997,-1.9306372167933323,-2.0164764928559697,0.0006125224393033,0.3913947338973055,31.420983409991024,23.80004225730534,38.03707160241571,3.5081719161772016,3312.078,4.191559316475808,3.1898103242112006,1.0017489922646077,0.8827602293043793,2.035337591005598,86.76394038945261,13.236059610547386,0.0112624388204973,0.5533450013534775,614,478,202,True,66.0,-0.0875031830501135,-0.0886699893492851,94.39644
B0006,140,24.0,1.7337887419624838,3.50585340727078,2.4510125175432287,4.185468369564667,0.2443116740829718,1.7344558520214384,-1.907114151507875,-2.014424639912736,0.0007263099562474,0.4422052936741676,31.15837149963786,23.32504476677704,37.9342856877206,3.62563742991546,3293.172,4.185418639744681,3.2499622126804124,0.9354564270642682,0.8607076567312266,2.035337591005598,85.18433254632082,14.815667453679184,-0.0321503522217339,-1.5796078431317966,614,474,202,True,62.0,-0.0875031830501135,-0.0886699893492851,91.76143
B0006,144,24.0,1.713325912040734,3.5010379345914444,2.471216186082459,4.184201889006967,0.2435154606775506,1.7129857029245086,-1.8953541357988333,-2.013684034338365,0.0006105952606363,0.4660772511913581,31.15661421699882,23.22751550921504,37.88470784051604,3.66886365748169,3275.328,4.183921653715496,3.276178621777498,0.9077430319379972,0.8504146701049008,2.035337591005598,84.17895486292434,15.821045137075656,-0.0204628299217497,-1.0053776833964747,614,470,202,True,58.0,-0.0875031830501135,-0.0886699893492851,91.28106
B0006,148,24.0,1.7024077813673466,3.497407662636496,2.470968641396993,4.185838836583766,0.2445959190290591,1.7148701951867733,-1.8892713805954209,-2.015243276008703,0.0013481309742365,0.4777097893062262,31.206611383963253,23.20127236203539,38.065368726791895,3.719915578953458,3265.016,4.185518250318115,3.2892337937863383,0.8962844565317765,0.8503805923443972,2.035337591005598,83.64252637451848,16.357473625481518,-0.0109181306733874,-0.5364284884058605,614,466,202,True,54.0,-0.0875031830501135,-0.0886699893492851,90.47055
B0006,150,24.0,1.82371946178183,3.5388872766749144,2.4288023941361625,4.1729165619005535,0.2309867758956904,1.744114167764391,-1.98193599249298,-2.014822027548639,0.0008839578040008,0.2364515161076043,33.61169282822636,26.602945710082057,39.788440481350335,3.154396442141881,3328.937,4.1729165619005535,2.934951679828825,1.2379648820717284,0.865262186270318,2.035337591005598,89.60279954741002,10.397200452589985,0.1213116804144833,5.960273172891533,614,464,202,True,52.0,-0.0875031830501135,-0.0886699893492851,96.240456
B0006,154,24.0,1.8081284050314708,3.5327430295356828,2.3551430866643166,4.186982012423103,0.2418018875756491,1.8318389257587864,-1.9653277079992453,-2.014147642384201,0.0013785124508379,0.2976263378401198,32.85630077141311,25.5878756709222,39.21290317800791,3.3014338549444924,3329.266,4.186882269459454,3.0133583509832325,1.1735239184762212,0.908863882199888,2.035337591005598,88.83678132914206,11.163218670857944,-0.0155910567503592,-0.7660182182679591,614,460,202,True,48.0,-0.0875031830501135,-0.0886699893492851,95.785835
B0006,158,24.0,1.7757610945034283,3.521214759733266,2.365933525789291,4.186537777937825,0.2452054406792465,1.820604252148534,-1.9470636598230844,-2.013545732341586,0.0013469218858249,0.3489537540343098,32.210981559158874,24.78851122180796,38.66937823121345,3.4005903322527105,3301.579,4.186537777937825,3.0981920097302105,1.0883457682076143,0.9035738198403552,2.035337591005598,87.246513912519,12.753486087480994,-0.0323673105280424,-1.5902674166230495,614,456,202,True,44.0,-0.0875031830501135,-0.0886699893492851,93.94951
B0006,162,24.0,1.7447409841836798,3.509311143950668,2.3481961394586457,4.182282350256796,0.248638831497769,1.8340862107981504,-1.92416284263864,-2.0143501433980724,0.0011884652184539,0.4061890328898604,31.96509008165028,24.29903895658481,38.5170065164806,3.5201708513727663,3283.563,4.182242443277712,3.167346834112308,1.014895609165404,0.9099732463359133,2.035337591005598,85.72243699983238,14.277563000167618,-0.0310201103197484,-1.524076912686624,614,452,202,True,40.0,-0.0875031830501135,-0.0886699893492851,91.96964
B0006,166,24.0,1.729207034132373,3.50716091973708,2.46945948630322,4.185961817428056,0.2424586650189987,1.7165023311248355,-1.912447043935375,-2.013955993405398,0.0023455920246722,0.4317752957380261,31.74480184018953,23.98489574710264,38.29250529949152,3.5757503955650507,3275.125,4.185747996173869,3.228685511716086,0.9570624844577827,0.8513122955059877,2.035337591005598,84.95922454210778,15.040775457892224,-0.0155339500513067,-0.763212457724606,614,448,202,True,36.0,-0.0875031830501135,-0.0886699893492851,91.548386
B0006,170,24.0,1.7081086552553244,3.500928918686389,2.4666715880697576,4.1836566973224585,0.2430609784085709,1.7169851092527009,-1.8950209973545984,-2.0143598768040447,0.0008097171102984,0.4667188589869889,31.876564068962463,23.99541497188152,38.52091685291118,3.6558828773689824,3265.656,4.183575724123322,3.2595724548548413,0.9240032692684804,0.8520300794721514,2.035337591005598,83.92262113192731,16.077378868072685,-0.0210983788770486,-1.0366034101804615,614,444,202,True,32.0,-0.0875031830501135,-0.0886699893492851,90.723595
B0006,174,24.0,1.6975954237461768,3.4973019898820894,2.448293126278513,4.184390004467988,0.2453760679343642,1.7360968781894748,-1.883708243517891,-2.0146981664689427,2.3587764193591595e-05,0.4881903895942605,32.24289319481841,24.295032488841088,38.95436345473558,3.672889296106637,3266.093,4.184332281821813,3.2774199521442657,0.9069123296775476,0.8617055305735186,2.035337591005598,83.40608610817466,16.593913891825338,-0.0105132315091476,-0.5165350237526525,614,440,202,True,28.0,-0.0875031830501135,-0.0886699893492851,90.21301
B0006,178,24.0,1.6820634524029463,3.492903830118716,2.4745215382882586,4.184732708741646,0.2438793645597097,1.7102111704533876,-1.8716651994380047,-2.0150505202774576,0.0028840576269616,0.508922907014493,32.07305565938816,24.10547107270791,38.73136385469604,3.6834438401651113,3257.594,4.184698116905854,3.309541910489555,0.8751562064162988,0.8475057562219902,2.035337591005598,82.64297086813447,17.35702913186553,-0.0155319713432304,-0.763115240040193,614,436,202,True,24.0,-0.0875031830501135,-0.0886699893492851,89.37137
B0006,182,24.0,1.6714768322295086,3.488659224822318,2.469127855241356,4.185835940524748,0.2448974746562021,1.716708085283392,-1.8654809345089407,-2.016431910751689,0.0008062258329325,0.5191412899392004,32.0301409298912,23.97620032331416,38.74827601131975,3.74788604064954,3248.593,4.185835940524748,3.3229457962953464,0.8628901442294015,0.8510190513203086,2.035337591005598,82.1228301199745,17.877169880025505,-0.0105866201734377,-0.5201407481599745,614,432,202,True,20.0,-0.0875031830501135,-0.0886699893492851,88.61429
B0006,186,24.0,1.6607591387047655,3.482293080477401,2.4177173347922416,4.185703389994729,0.2489494176128845,1.7679860552024875,-1.8592903578576,-2.013961242413253,0.0013000288987228,0.5292867036601664,31.984935871368258,23.819965773306656,38.84227056628921,3.8030419719405057,3238.766,4.185426189138305,3.3268774953647884,0.8585486937735163,0.8772986810050157,2.035337591005598,81.59624948921793,18.403750510782075,-0.010717693524743,-0.5265806307565697,614,428,202,True,16.0,-0.0875031830501135,-0.0886699893492851,87.563484
B0006,190,24.0,1.651121015038069,3.477575664197982,2.3775131079338427,4.184887437252902,0.2514916927324808,1.80737432931906,-1.848156298789804,-2.01427897654196,3.3324869557570366e-05,0.5476209059238868,32.23677365476226,23.93813574784708,39.22138199620832,3.8864318857653655,3240.14,4.184463046346399,3.336400100467817,0.8480629458785818,0.8972661925623713,2.035337591005598,81.12271017518528,18.877289824814724,-0.0096381236666964,-0.4735393140326493,614,424,202,True,12.0,-0.0875031830501135,-0.0886699893492851,87.13576
B0006,194,24.0,1.640134925619093,3.478743650648925,2.443723814618984,4.1845671326128535,0.2474382290635301,1.7408433179938694,-1.841574247353844,-2.0170700253976435,0.0008339594777993,0.5572043810030383,32.56097148037261,24.4429147063286,39.46651089916252,3.7845576572627713,3230.109,4.18451874454039,3.3562313241233728,0.8282874204170172,0.8626987859887321,2.035337591005598,80.58294274458679,19.41705725541321,-0.0109860894189761,-0.5397674305984879,614,420,202,True,8.0,-0.0875031830501135,-0.0886699893492851,86.66102
B0006,198,24.0,1.629199941616544,3.4740152461288862,2.4324278256917147,4.184590722398005,0.2478147664618082,1.75216289670629,-1.8297533943331723,-2.0153270924031044,0.0022672987245563,0.5744007772604264,32.48984985901219,24.244880453394085,39.352653481724175,3.835762334103568,3229.7810000000027,4.184454576919845,3.371466361383496,0.812988215536349,0.868441597781694,2.035337591005598,80.04568622012263,19.954313779877367,-0.0109349840025489,-0.537256524464155,614,416,202,True,4.0,-0.0875031830501135,-0.0886699893492851,86.04631
B0006,202,24.0,1.6088496302961666,3.4718387718772696,2.494085641889116,4.181227276564003,0.2422602086439929,1.6871416346748864,-1.817086069772996,-2.0264444143525524,0.0025875856512713,0.59213769752695,32.42612199208859,24.11448837545242,39.31890647034385,3.8710134033093055,3212.469,4.181070202610792,3.396018761698921,0.7850514409118712,0.8315007524138146,2.035337591005598,79.04583678923177,20.95416321076823,-0.0203503113203773,-0.999849430890862,614,412,202,True,0.0,-0.0875031830501135,-0.0886699893492851,85.50633
B0006,206,24.0,1.6035244898969248,3.463180130644551,2.382347172890769,4.182601669503782,0.2504181845874574,1.8002544966130132,-1.8111560774496664,-2.014269976996697,0.0017194503246426,0.6001337686853253,32.29984271249387,23.92892683205548,39.47196886600465,3.927776584794101,3213.219,4.18244649645216,3.393882521860081,0.7885639745920785,0.892988064429001,2.035337591005598,78.78420253146665,21.215797468533356,-0.0053251403992418,-0.2616342577651238,614,408,202,False,,-0.0875031830501135,-0.0886699893492851,85.12217
B0006,210,24.0,1.5989712144027983,3.463469391967206,2.406668297987779,4.183991041340736,0.2487915389344337,1.7773227433529568,-1.8113056300795984,-2.0248983473305704,0.0007053447084269,0.600869683312538,32.610757585145336,24.06213313647768,39.74009698783903,4.013744044379012,3203.578,4.1838203403042975,3.3978158698372107,0.7860044704670868,0.8774286650138764,2.035337591005598,78.56049146190021,21.439508538099787,-0.0045532754941264,-0.2237110695664341,614,404,202,False,,-0.0875031830501135,-0.0886699893492851,85.064835
B0006,214,24.0,1.5876273123575604,3.46021805164007,2.4204142690378765,4.182425008087469,0.2487212354561505,1.7620107390495925,-1.803802475704306,-2.0134062122749032,0.0003711699027851,0.609256745218589,32.25699351958767,24.42380807187004,39.03600072360686,3.6982862582092095,3195.125,4.182425008087469,3.416423032732188,0.7660019753552807,0.874977916945399,2.035337591005598,78.0031440176547,21.99685598234529,-0.0113439020452379,-0.557347444245508,614,400,202,False,,-0.0875031830501135,-0.0886699893492851,85.03141
B0006,216,24.0,1.5829719744686166,3.462574876665621,2.45078452455252,4.190985194174346,0.2466133989346025,1.740200669621827,-1.7982439953659044,-2.014898941623113,0.001011704895855,0.6170700333090209,32.47193402838835,24.29784270606684,39.16106395962828,3.78790549192839,3195.312999999994,4.190985194174346,3.417549528683359,0.7734356654909873,0.8632330369536809,2.035337591005598,77.77441842886215,22.22558157113785,-0.0046553378889437,-0.2287255887925567,614,398,202,False,,-0.0875031830501135,-0.0886699893492851,85.00026
B0006,220,24.0,1.567137636713563,3.4537077937586056,2.393032881923072,4.181860480163402,0.2484868200983083,1.78882759824033,-1.7857963808615818,-2.014097659688176,0.0007636707747866,0.6325019447665697,32.40219271195366,24.115666972211724,39.20051799483514,3.846376961560338,3186.297,4.18162644626075,3.427505386148378,0.7541210601123716,0.8878167302110583,2.035337591005598,76.99644735295674,23.003552647043264,-0.0158343377550536,-0.7779710759054126,614,394,202,False,,-0.0875031830501135,-0.0886699893492851,84.79808
B0006,224,24.0,1.5613446139713882,3.4514035349888337,2.3938995980718403,4.183449364094532,0.2488480181764858,1.7895497660226916,-1.7850748194527644,-2.01648199199959,0.0005527600059578,0.6334473857166003,32.30987415652578,23.949350638183297,39.15878418316098,3.8820938385045634,3176.438,4.183355970785126,3.4347508426334845,0.7486051281516413,0.8872181127485943,2.035337591005598,76.71182514739364,23.28817485260636,-0.0057930227421747,-0.284622205563096,614,390,202,False,,-0.0875031830501135,-0.0886699893492851,84.422554
B0006,228,24.0,1.551171189279042,3.450781146333252,2.4373294683003053,4.182943907496545,0.2453130005434406,1.74561443919624,-1.7785916660457872,-2.014359351341952,-9.517952000869488e-05,0.6414164907293518,32.35440526839345,23.94684852697399,39.18225956809825,3.903699189649736,3167.593,4.182445248328095,3.448198019924908,0.7342472284031865,0.866626365903781,2.035337591005598,76.2119854776846,23.788014522315397,-0.0101734246923461,-0.4998396697090328,614,386,202,False,,-0.0875031830501135,-0.0886699893492851,84.448364
B0006,232,24.0,1.5406741606295171,3.446105572450592,2.3705330061374523,4.182592999177517,0.249252351248828,1.812059993040065,-1.7727874712030285,-2.016181081460114,0.00150486520794,0.6485964889257356,32.4731363791227,24.029360363522056,39.38159156766375,3.931024295459936,3167.719,4.182585245365358,3.447136358493749,0.7354488868716089,0.8980882262834046,2.035337591005598,75.69624653118686,24.30375346881314,-0.0104970286495249,-0.5157389464977484,614,382,202,False,,-0.0875031830501135,-0.0886699893492851,84.13815
B0006,236,24.0,1.5253138744624433,3.4418152533277144,2.351294851260762,4.177556435498103,0.2487652105075045,1.8262615842373404,-1.7601807681971695,-2.0224281819207026,0.0044825272319085,0.6631565458391762,32.52334649341759,24.054796737761627,39.44712875501599,3.938262085403885,3159.077999999994,4.177417600021895,3.455115440595922,0.7223021594259724,0.9010074178358078,2.035337591005598,74.94156650980108,25.05843349019892,-0.0153602861670738,-0.7546800213857807,614,378,202,False,,-0.0875031830501135,-0.0886699893492851,84.18701
B0006,240,24.0,1.5301570318067428,3.445008015985666,2.436845595522602,4.183199732433941,0.2447913717691086,1.7463541369113391,-1.76530278835697,-2.015670909853089,0.0010131499204386,0.6571846357909039,32.518264823491045,24.004853828853747,39.40950590627068,3.9548553266160913,3148.829,4.182951924778038,3.468023005179232,0.7149289195988064,0.8659532604762363,2.035337591005598,75.17952002501654,24.820479974983456,0.0048431573442995,0.2379535152154659,614,374,202,False,,-0.0875031830501135,-0.0886699893492851,84.103264
B0006,244,24.0,1.524656683447409,3.441164687975023,2.39030487147494,4.183585552184287,0.2475013732087286,1.7932806807093464,-1.7593486488770236,-2.0154336980599203,0.0029393579553847,0.6641591087376718,32.5437072434024,23.98676553992143,39.48443326993031,3.976991828284564,3149.094,4.183258304762118,3.4711335972831856,0.7121247074789325,0.8884783094804393,2.035337591005598,74.90927746753415,25.090722532465847,-0.0055003483593338,-0.2702425574823905,614,370,202,False,,-0.0875031830501135,-0.0886699893492851,83.985794
B0006,248,24.0,1.5145492986655429,3.443620591429828,2.4892160721496315,4.183170360974043,0.2406026011996967,1.6939542888244117,-1.752616789873766,-2.014176241235146,0.0051389417845652,0.6716629492050046,32.562223096007365,23.97265590751813,39.4416762582387,3.975934247345534,3140.547,4.183170360974043,3.4883390886919767,0.6948312722820664,0.8388756262859618,2.035337591005598,74.41268246400591,25.58731753599409,-0.010107384781866,-0.4965950035282418,614,366,202,False,,-0.0875031830501135,-0.0886699893492851,83.89732
B0006,252,24.0,1.509391504602082,3.439943269617906,2.450611393803655,4.183501501534186,0.2431699821482146,1.7328901077305314,-1.7516949849801624,-2.0151247064734266,0.0019635914622084,0.6726373836789596,32.58978020040808,23.95941142019243,39.53866201326228,4.000898498406376,3131.625,4.183359256700765,3.4882264404681207,0.6951328162326442,0.8591047350302102,2.035337591005598,74.15927024943012,25.84072975056988,-0.0051577940634608,-0.2534122145757891,614,362,202,False,,-0.0875031830501135,-0.0886699893492851,83.335434
B0006,256,24.0,1.5039974333050703,3.43602719305159,2.4111946043456745,4.183243008796117,0.2455989171946552,1.7720484044504423,-1.7510429704034998,-2.0150071612077523,0.001009697699575,0.6733747307759468,32.57089563557426,23.89672125029287,39.5867547936938,4.02666129809132,3121.907,4.182909564093396,3.4877002346746275,0.6952093294187689,0.878984913554188,2.035337591005598,73.89424928579004,26.10575071420996,-0.0053940712970117,-0.2650209636400831,614,358,202,False,,-0.0875031830501135,-0.0886699893492851,82.99949
B0006,260,24.0,1.4935201918040188,3.436309312279291,2.4609139768640715,4.182038001412004,0.2415711613630848,1.721124024547933,-1.7388746112390865,-2.0158858292130217,0.001556366600458,0.6864768027433327,32.5378543470942,23.846991377084784,39.49975288442087,4.020828997942116,3122.125,4.181939688146648,3.5019144212894115,0.6800252668572364,0.8531218530669898,2.035337591005598,73.37948251946334,26.620517480536662,-0.0104772415010514,-0.5147667663267015,614,354,202,False,,-0.0875031830501135,-0.0886699893492851,83.05999
B0006,264,24.0,1.4876323024497422,3.430470227771154,2.378420264362521,4.182440318401142,0.2472853158271117,1.8040200540386209,-1.738622547139575,-2.0170367841185635,0.0012040695085459,0.6863796794736801,32.65645090520509,23.868790356430857,39.9686395722832,4.103220643198136,3121.672,4.18215985406311,3.5064898836985074,0.675669970364603,0.8938576636165605,2.035337591005598,73.09019933714036,26.90980066285964,-0.0058878893542766,-0.2892831823229755,614,350,202,False,,-0.0875031830501135,-0.0886699893492851,82.86209
B0006,266,24.0,1.5302876214401704,3.4417311090871063,2.3844697219937414,4.189962701965466,0.2506857548397359,1.8054929799717243,-1.7870762809520675,-2.015207980747731,0.0004792431384679,0.6310954422556229,33.180785234653264,24.45395460946014,40.42668250871336,4.098677157793769,3120.86,4.189962701965466,3.4612712556588887,0.728691446306577,0.8957208035931165,2.035337591005598,75.18593614163545,24.81406385836455,0.0426553189904281,2.0957368044950897,614,348,202,False,,-0.0875031830501135,-0.0886699893492851,82.935
B0006,270,24.0,1.5040760088360112,3.4355429213552537,2.448639661640692,4.181214475643097,0.243845033223026,1.732574814002405,-1.7612682208672186,-2.013340550431054,0.0013906428309179,0.6615169962236325,32.71220835503141,23.81264716305157,40.02451449021777,4.174127825229612,3103.828,4.181214475643097,3.49597974716647,0.6852347284766269,0.8599533375950076,2.035337591005598,73.89810985080334,26.101890149196663,-0.0262116126041591,-1.2878262908321148,614,344,202,False,,-0.0875031830501135,-0.0886699893492851,81.58787
B0006,274,24.0,1.4887593608730894,3.4272336842373576,2.362869757217078,4.182157933832856,0.2487276936927746,1.8192881766157776,-1.7545532300777185,-2.0143052426244057,0.0016812263902274,0.6692392427565726,32.543943889007906,23.37953304199608,40.02167483360719,4.293837140083576,3095.094,4.181652803611802,3.495868232766142,0.6857845708456596,0.9024307477147916,2.035337591005598,73.14557385723607,26.854426142763927,-0.0153166479629218,-0.752535993567264,614,340,202,False,,-0.0875031830501135,-0.0886699893492851,81.173584
B0006,278,24.0,1.4782779285546637,3.430753651868756,2.479712742728869,4.1802491747767325,0.2398186898640942,1.700536432047863,-1.7364250156958492,-2.01522796444188,0.0068481184251259,0.6892528926488453,32.6655410721976,23.483667289937664,40.07821178158415,4.279541188128675,3095.781,4.180127984409454,3.5168324777654205,0.6632955066440336,0.8409853845047973,2.035337591005598,72.63060118809538,27.369398811904617,-0.0104814323184256,-0.5149726691406897,614,336,202,False,,-0.0875031830501135,-0.0886699893492851,81.20686
B0006,282,24.0,1.478459982215684,3.430880434209888,2.460990256984241,4.182775550999248,0.2412584602938845,1.7217852940150071,-1.7371686757879778,-2.0164424024266667,0.0002472528891452,0.6891473173604608,33.160922870564626,23.948764926788748,40.56578932835109,4.287969337587418,3094.328,4.182435253361705,3.5140805590225344,0.6683546943391705,0.8537680993585387,2.035337591005598,72.63954583009604,27.36045416990396,0.0001820536610204,0.0089446420006567,614,332,202,False,,-0.0875031830501135,-0.0886699893492851,81.12161
B0006,286,24.0,1.473214844899973,3.431984614031654,2.4794507375590507,4.182970513713943,0.2403918787539756,1.703519776154892,-1.7358183569582517,-2.0141732645976056,0.0010030052573825,0.6899134259363504,33.414445545408455,24.305636072230342,40.75221353269305,4.242923162320275,3086.531,4.182970513713943,3.5179169265872945,0.6650535871266481,0.8453452939268072,2.035337591005598,72.38184227571321,27.61815772428679,-0.0052451373157111,-0.2577035543828287,614,328,202,False,,-0.0875031830501135,-0.0886699893492851,81.11714
B0006,290,24.0,1.4675164935067897,3.426913589626702,2.421513989921717,4.182588389688278,0.2435331371976242,1.761074399766561,-1.7297302660430056,-2.014533312293864,0.0019538634173119,0.696447397100997,33.3541679486525,24.16642252229391,40.71162611325717,4.274654939428474,3085.625,4.182588389688278,3.51910167584515,0.663486713843128,0.8733377633038825,2.035337591005598,72.10187145326269,27.89812854673731,-0.0056983513931831,-0.2799708224505224,614,324,202,False,,-0.0875031830501135,-0.0886699893492851,80.926285
B0006,294,24.0,1.4516292657521337,3.422042235670516,2.392798962354417,4.180388252515709,0.2450521109496672,1.787589290161291,-1.727867109899114,-2.0150807231044525,0.0024649324773408,0.698121088593313,33.13634596100404,23.980795554734595,40.58721297402195,4.272886579538151,3067.203,4.180283545890356,3.521493643197122,0.658789902693234,0.8860217290328478,2.035337591005598,71.32130179126344,28.678698208736563,-0.015887227754656,-0.7805696619992517,614,320,202,False,,-0.0875031830501135,-0.0886699893492851,80.554276
B0006,298,24.0,1.4519237720967175,3.4202687142856667,2.410475236770924,4.182476201666448,0.2445224118963859,1.7720009648955242,-1.726907314763758,-2.0151017082510445,0.0011413024919993,0.6989995507446921,32.92241762841388,23.638284377724087,40.37035790264624,4.331246781656428,3058.157,4.182277548850675,3.531199617131715,0.6510779317189601,0.878862793549122,2.035337591005598,71.33577144710262,28.664228552897384,0.0002945063445838,0.0144696558391785,614,316,202,False,,-0.0875031830501135,-0.0886699893492851,80.24521
B0006,302,24.0,1.4471484694777743,3.4248208106770663,2.4915333699239977,4.182567814531136,0.2387189576432824,1.691034444607138,-1.7211995934038338,-2.015773418279684,0.0003841275623097,0.705261585612315,33.20338483123576,23.829441222036376,40.667923693760464,4.359498212766225,3058.812,4.182483687657018,3.540682828822266,0.6418008588347521,0.8387412224280931,2.035337591005598,71.10115176336829,28.898848236631707,-0.0047753026189432,-0.2346196837343228,614,312,202,False,,-0.0875031830501135,-0.0886699893492851,80.3538
B0006,306,24.0,1.4468538105659885,3.423499088319266,2.444861994529003,4.182606347806988,0.2415601125159711,1.7377443532779853,-1.721141114732718,-2.016566183590645,0.0012181075137996,0.70520381156388,33.533950654066935,24.20984647694025,40.99035688395247,4.344683946650958,3058.578,4.182606347806988,3.5356541187739614,0.646952229033027,0.8612141351971877,2.035337591005598,71.08667461161282,28.91332538838718,-0.0002946589117858,-0.0144771517554715,614,308,202,False,,-0.0875031830501135,-0.0886699893492851,80.30485
B0006,310,24.0,1.4416741930284678,3.4247420964314874,2.484075539808225,4.183047552179642,0.2394044963910197,1.6989720123714165,-1.7200547727480755,-2.018144057635402,0.0004305744501005,0.7063056423778308,33.5767934055627,24.27322345224107,40.99774402817452,4.336933667265993,3049.328,4.182949890012143,3.5426480867538017,0.6403018032583412,0.8416691587053746,2.035337591005598,70.8321901683239,29.16780983167609,-0.0051796175375207,-0.2544844432889164,614,304,202,False,,-0.0875031830501135,-0.0886699893492851,80.09601
B0006,313,24.0,1.5935866593100128,3.450702139255875,2.479017302613424,4.222516216835943,0.2498681190650427,1.7434989142225188,-1.8210481343824243,-2.0143333289759338,0.0002920618634497,0.5870046814200932,33.224088400657315,24.0581768445586,40.77265883698999,4.292984862195963,3177.219,4.222353332039162,3.5029468518556204,0.719406480183542,0.8654208976767133,2.035337591005598,78.2959380474406,21.7040619525594,0.1519124662815449,7.463747879116696,614,301,202,False,,-0.0875031830501135,-0.0886699893492851,84.74678
B0006,316,24.0,1.5463902376915637,3.448047542990752,2.4820670710190385,4.1909374470770855,0.2428918235329487,1.708870376058047,-1.821445703423604,-2.016338466932382,0.0002026611206909,0.5868021780918599,33.37083344726966,24.676724380143,40.52220493430463,4.07675840902897,3082.937,4.190810496600126,3.459144575143091,0.7316659214570351,0.8474264929612048,2.035337591005598,75.9770882494014,24.022911750598595,-0.047196421618449,-2.318849798039196,614,298,202,False,,-0.0875031830501135,-0.0886699893492851,82.259186
B0006,320,24.0,1.51470559175661,3.439948189189645,2.452449045714353,4.183028520369727,0.2424293316934498,1.7305794746553742,-1.7899159936953069,-2.01459511362196,0.0019503732302666,0.6278130340643914,33.43366634309322,24.71374963671338,40.57746834859555,4.094328906924488,3074.266,4.1828124049147695,3.4885908514844224,0.6942215534303471,0.8581901504025892,2.035337591005598,74.42036144029748,25.57963855970252,-0.0316846459349537,-1.556726809103921,614,294,202,False,,-0.0875031830501135,-0.0886699893492851,81.15575
B0006,324,24.0,1.4989786083335404,3.434112914501242,2.4198491932573414,4.1838942747302825,0.2444901326562916,1.7640450814729411,-1.7769345930773324,-2.0144018884289827,0.0005084867021221,0.6433896249887968,33.28676739403043,24.452648939888725,40.516963879873735,4.148554523311033,3066.0,4.1838942747302825,3.500662570823591,0.6832317039066917,0.8754955571451457,2.035337591005598,73.64766488653811,26.35233511346189,-0.0157269834230695,-0.7726965537593742,614,290,202,False,,-0.0875031830501135,-0.0886699893492851,80.61085
B0006,328,24.0,1.4831110745410492,3.432560094036392,2.4706823501191706,4.1839835007856605,0.2411030727906866,1.71330115066649,-1.7640032117743043,-2.015270624937178,0.0007359350635753,0.6586649159229433,33.14347737377552,24.22465149338904,40.34325381638243,4.160423251021807,3056.437,4.183847567326402,3.519098513063688,0.6647490542627144,0.8498489958613278,2.035337591005598,72.86806282628963,27.13193717371037,-0.0158675337924911,-0.7796020602484788,614,286,202,False,,-0.0875031830501135,-0.0886699893492851,80.39745
B0006,332,24.0,1.4729664825468278,3.4270614887575657,2.413759774558071,4.183640209073579,0.244253898668663,1.7698804345155086,-1.7571701008871028,-2.015800833534411,0.0021242129148989,0.666669840838828,33.11021541795579,24.10781801916288,40.39341126895154,4.218777608920164,3048.219,4.183259734378229,3.5212860952811007,0.6619736390971283,0.8770793730073105,2.035337591005598,72.36963976177928,27.63036023822072,-0.0101445919942213,-0.498423064510348,614,282,202,False,,-0.0875031830501135,-0.0886699893492851,79.99045
B0006,336,24.0,1.4627604396099307,3.427340316812041,2.4562499847243027,4.183387047926521,0.2414807156920839,1.7271370632022185,-1.7502670210777267,-2.015384828991305,0.0017289535444482,0.6742901923854049,33.18991802149879,24.152350848480747,40.46341487442664,4.226492089676788,3039.218,4.183152598210248,3.5315851155806786,0.6515674826295696,0.8562417639281609,2.035337591005598,71.86819749578868,28.13180250421132,-0.010206042936897,-0.5014422659906046,614,278,202,False,,-0.0875031830501135,-0.0886699893492851,79.92779
B0006,340,24.0,1.4518364681062514,3.423482197888437,2.401794655879554,4.18356344388626,0.2446424557348771,1.7817687880067057,-1.7439614243216512,-2.017707476586292,0.0015255121086987,0.6811805311767779,33.26265398635676,24.1926071662797,40.5818264138806,4.237392666333103,3039.047,4.1835297239964095,3.532926287846672,0.6506034361497379,0.8823988108268004,2.035337591005598,71.33148203630158,28.66851796369842,-0.0109239715036792,-0.5367154594870982,614,274,202,False,,-0.0875031830501135,-0.0886699893492851,79.42354
B0006,344,24.0,1.4468670644030392,3.422095770106937,2.408768723613332,4.18171248971767,0.243681234330419,1.7729437661043388,-1.736850855663561,-2.0198780169470747,0.0017135739999164,0.6887151482292208,33.299978841087025,24.23860985559645,40.61670777074496,4.240456106278274,3030.375,4.181677965200077,3.539045488750217,0.6426324764498599,0.8770039280158579,2.035337591005598,71.08732579778997,28.912674202210027,-0.0049694037032121,-0.2441562385116071,614,270,202,False,,-0.0875031830501135,-0.0886699893492851,79.14996
B0006,348,24.0,1.441380399427779,3.421883545422636,2.4308118485818704,4.1832473219705815,0.2424923531812378,1.752435473388711,-1.7360045229798653,-2.0197856871193367,0.0020383190496457,0.6896541510589468,33.31663547841367,24.191028062692588,40.63164766168104,4.260205034784692,3021.0,4.183197246077639,3.545547133777292,0.6376501123003471,0.8667596526906823,2.035337591005598,70.81775553094546,29.182244469054535,-0.0054866649752602,-0.2695702668445108,614,266,202,False,,-0.0875031830501135,-0.0886699893492851,78.859985
B0006,352,24.0,1.431210744960774,3.4195777411151886,2.398886415333129,4.183049768329545,0.2442863149287772,1.7841633529964165,-1.729690117077797,-2.015287001210607,0.0021980860706101,0.6962675710854851,33.39150630507064,24.226474805349635,40.74323383889164,4.280804367288263,3021.75,4.182847747629186,3.5484565862450688,0.6343911613841171,0.8843502062266902,2.035337591005598,70.31810109956534,29.68189890043466,-0.0101696544670049,-0.4996544313801223,614,262,202,False,,-0.0875031830501135,-0.0886699893492851,78.87385
B0006,356,24.0,1.4260247179525716,3.4175281789596474,2.3814379490849835,4.183092498086332,0.2453392538372266,1.801654549001348,-1.7287954627467013,-2.013949066691416,0.0005566103878417,0.697047878700166,33.41522427488497,24.22178922960351,40.81715493531611,4.299262709763484,3012.265,4.182593253160388,3.549925959367978,0.6326672937924096,0.894340765330325,2.035337591005598,70.06330174681324,29.93669825318676,-0.0051860270082024,-0.2547993527521015,614,258,202,False,,-0.0875031830501135,-0.0886699893492851,78.436844
B0006,360,24.0,1.420487649966195,3.4197860540725715,2.459885297095542,4.181536580807847,0.2403518759462408,1.7216512837123048,-1.7216729981632184,-2.015065571425412,0.001880313677633,0.7045973768027333,33.39690850726103,24.207764443084063,40.72877617289365,4.279105256934157,3002.641,4.181536580807847,3.5622369118183483,0.6192996689894983,0.853593195746224,2.035337591005598,69.79125508434085,30.208744915659157,-0.0055370679863766,-0.2720466624723912,614,254,202,False,,-0.0875031830501135,-0.0886699893492851,78.194595
B0006,364,24.0,1.4207006230355006,3.4171369298988705,2.4007285025453995,4.172034399629829,0.2406918795355521,1.771305897084429,-1.7228162229694663,-2.0151971595728613,0.0022542409730723,0.703674489345141,33.73731993653,24.266994666970984,41.45494452672042,4.464044448960896,3012.0,4.172034399629829,3.558769894565424,0.6132645050644054,0.8779918547753388,2.035337591005598,69.80171885557206,30.198281144427938,0.0002129730693056,0.0104637712312154,614,250,202,False,,-0.0875031830501135,-0.0886699893492851,78.31807
B0006,367,24.0,1.452255804330839,3.4305347141293625,2.472830716079143,4.188427549455566,0.2395445276094182,1.715596833376423,-1.7486639022205694,-2.0180838913239434,0.0081523535564586,0.6766364586222329,34.08965316576344,25.01052330742872,41.39678877103747,4.2491873703569984,3020.11,4.188427549455566,3.5413834963307256,0.6470440531248407,0.8466914150366931,2.035337591005598,71.35208482113887,28.64791517886113,0.0315551812953383,1.5503659655668116,614,247,202,False,,-0.0875031830501135,-0.0886699893492851,78.81304
B0006,371,24.0,1.431557632772571,3.4250844180972875,2.467318928642863,4.181499335679726,0.2392016981476776,1.7141804070368631,-1.7345160724760178,-2.015157068463395,0.0001978952928271,0.6914329019224659,33.9987286593769,24.81713061500866,41.36669473718026,4.299417325493445,3002.172000000006,4.181335856346829,3.557320348056594,0.6240155082902348,0.8505600441928954,2.035337591005598,70.33514435633658,29.66485564366341,-0.0206981715582679,-1.016940464802289,614,243,202,False,,-0.0875031830501135,-0.0886699893492851,78.26114
B0006,375,24.0,1.415015751158943,3.417133986279293,2.3692462667541,4.179546243153898,0.2447570142696636,1.8102999763997984,-1.7271570233190523,-2.013917344838714,0.0013926531441986,0.6989258053585963,33.907397114007345,24.66015421423191,41.37787352037061,4.346415144643425,2992.703,4.179546243153898,3.5560021159887576,0.6235441271651405,0.8982737039024739,2.035337591005598,69.52241030736464,30.47758969263536,-0.016541881613628,-0.8127340489719472,614,239,202,False,,-0.0875031830501135,-0.0886699893492851,77.88734
B0006,379,24.0,1.4097311506517451,3.417521467040602,2.4482618595124874,4.18101558225098,0.2408080362142482,1.7327537227384928,-1.7305179027385762,-2.026182069042455,0.005189848551175,0.6950775843262647,33.70518417605219,24.417272340572964,41.14095609169821,4.357781964328754,2964.468,4.18088822946083,3.565450927200841,0.6154373022599895,0.8529967888849811,2.035337591005598,69.26276785146193,30.73723214853807,-0.0052846005071978,-0.259642455902707,614,235,202,False,,-0.0875031830501135,-0.0886699893492851,77.297325
B0006,383,24.0,1.404917318129309,3.418162323668036,2.4598632768748825,4.182667734360821,0.2398545231930544,1.722804457485939,-1.7141443638380731,-2.01548065880372,0.0017804365403169,0.712645847764213,33.7458832944166,24.34226965648951,41.2168813199875,4.385409704614487,2983.375,4.182667734360821,3.5778109276715733,0.6048568066892481,0.8540314694326273,2.035337591005598,69.02625512041874,30.97374487958126,-0.004813832522436,-0.2365127310431916,614,231,202,False,,-0.0875031830501135,-0.0886699893492851,77.35676
B0006,387,24.0,1.395164296571563,3.420331935905118,2.497869764845928,4.179947555799937,0.2366669314510585,1.682077790954009,-1.706782327346661,-2.014398878088724,0.0004526100127092,0.7197036155373028,34.01657212624259,24.68862064835225,41.40391881889191,4.352005984144061,2975.297,4.179684890591493,3.5823842742694407,0.5973006163220522,0.8348395903556186,2.035337591005598,68.54707065486149,31.452929345138514,-0.0097530215577461,-0.4791844655572532,614,227,202,False,,-0.0875031830501135,-0.0886699893492851,77.309845
B0006,391,24.0,1.3945343832614077,3.4192916311692465,2.472236707252471,4.182316086490744,0.2390286773610217,1.7100793792382727,-1.7063596521950202,-2.015379938834276,0.0004074114617765,0.7197068332356091,34.175023374593785,24.83379380277289,41.58657133119858,4.354041697107458,2974.9850000000006,4.18224535784739,3.5836702091707866,0.5985751486766033,0.848343144423006,2.035337591005598,68.51612181802287,31.483878181977133,-0.0006299133101552,-0.0309488368386183,614,223,202,False,,-0.0875031830501135,-0.0886699893492851,77.19106
B0006,395,24.0,1.3893171179312644,3.414352330355796,2.427874990476308,4.18300582450457,0.2422117541434653,1.7551308340282623,-1.7052696591517462,-2.024938600791225,0.002731966470301,0.7206903789128402,33.976109677640174,24.567907151996646,41.43504077863728,4.382087060522724,2966.25,4.182453793427935,3.5856253738844623,0.5968284195434723,0.8655897374881056,2.035337591005598,68.25978766720687,31.74021233279313,-0.0052172653301432,-0.2563341508160022,614,219,202,False,,-0.0875031830501135,-0.0886699893492851,76.918976
B0006,399,24.0,1.3838379472327809,3.412701167144591,2.427590520023505,4.182504606082063,0.2422050432716596,1.754914086058557,-1.7046265574439607,-2.027018156432659,0.0013872942238959,0.7213952667094184,33.84150372451663,24.35845427718724,41.37436880579148,4.426438431004594,2956.359,4.182382182381389,3.588984284723791,0.5933978976575975,0.8651692813636079,2.035337591005598,67.99058560840852,32.00941439159148,-0.0054791706984835,-0.2692020587983421,614,215,202,False,,-0.0875031830501135,-0.0886699893492851,76.30776
B0006,403,24.0,1.3736814238195123,3.410409522809144,2.37337869163978,4.179533028548021,0.2443571834392101,1.806154336908241,-1.6985503106996724,-2.014779909755338,0.0037299171946931,0.7278602667366414,34.1008464215818,24.62149945751311,41.66477948989921,4.429283182231005,2956.344,4.179533028548021,3.5864700210588274,0.5930630074891936,0.8947959097317554,2.035337591005598,67.4915763306282,32.508423669371794,-0.0101565234132685,-0.499009277780317,614,211,202,False,,-0.0875031830501135,-0.0886699893492851,75.61555
B0006,407,24.0,1.3786059891863676,3.414419320260644,2.4248604132549767,4.18250512422575,0.2417659584639163,1.757644710970773,-1.6982347588599789,-2.0151111715849144,0.0014127620211878,0.7275938938122148,34.34663683304219,24.9086579815824,41.81816829502593,4.398555379640064,2956.406,4.182385088635815,3.5923515752514272,0.5900335133843879,0.8716210512947488,2.035337591005598,67.73352957654757,32.26647042345243,0.0049245653668552,0.2419532459193618,614,207,202,False,,-0.0875031830501135,-0.0886699893492851,75.91225
B0006,411,24.0,1.3737600299108574,3.4131710032395315,2.426962848243194,4.1828227593786,0.2422305560317487,1.7558599111354058,-1.6971165805711328,-2.0151664181090267,0.0008856833378857,0.7286470501073794,34.216231530637586,24.777867901281315,41.68664700078119,4.403435230805167,2947.266,4.182683463001238,3.5963124070242887,0.5863710559769495,0.8709397489654321,2.035337591005598,67.49543839713218,32.504561602867824,-0.0048459592755101,-0.2380911794153917,614,203,202,False,,-0.0875031830501135,-0.0886699893492851,75.33684
B0006,415,24.0,1.3682580583942712,3.4107019261975147,2.417287750352038,4.182413969607667,0.2431598204101303,1.7651262192556296,-1.6959199401004303,-2.016248522283907,0.0022565477410673,0.7299387135336083,34.041617020161176,24.55493670403353,41.565382893773936,4.427228658094671,2937.984,4.182413969607667,3.6002389127425705,0.582175056865097,0.8744720265844022,2.035337591005598,67.22511609085237,32.77488390914763,-0.0055019715165862,-0.2703223062798088,614,199,202,False,,-0.0875031830501135,-0.0886699893492851,74.35189
B0006,419,24.0,1.3633024037317505,3.4089059214760367,2.4185087281747166,4.182451170946608,0.2433534817510635,1.7639424427718915,-1.6953163120957455,-2.015018401452086,0.0029458430897076,0.7307162124593425,33.890212870710734,24.31801713066025,41.46394809540406,4.468195522374229,2929.125,4.182411904002977,3.604261987061514,0.5781499169414626,0.8741197707258775,2.035337591005598,66.98163536881292,33.01836463118708,-0.0049556546625206,-0.2434807220394503,614,195,202,False,,-0.0875031830501135,-0.0886699893492851,73.81406
B0006,423,24.0,1.35809661401726,3.4134080258317576,2.480937393224248,4.181305580928812,0.2391091835107565,1.7003681877045635,-1.6890383512433216,-2.014808414619914,0.001787051783338,0.7365985147966571,34.116762412437,24.575299028638764,41.6123634180086,4.440858026001165,2928.454,4.181099186741353,3.610208784768209,0.5708904019731436,0.8431875485356002,2.035337591005598,66.72586503678075,33.274134963219254,-0.0052057897144905,-0.2557703320321707,614,191,202,False,,-0.0875031830501135,-0.0886699893492851,73.51774
B0006,427,24.0,1.353269090999531,3.411221044859532,2.4078214169511205,4.1804870315884735,0.2427781100438389,1.772665614637353,-1.689240311218937,-2.014994164220888,0.0009686723211606,0.7366705561751957,34.490493589415046,24.98269073769502,42.0075404495327,4.435836689713161,2929.375,4.180110659212056,3.604384847345642,0.5757258118664135,0.8793146294690533,2.035337591005598,66.48867966571198,33.511320334288015,-0.0048275230177288,-0.2371853710687617,614,187,202,False,,-0.0875031830501135,-0.0886699893492851,73.60207
B0006,431,24.0,1.3841605738237488,3.415521085221368,2.433234589649132,4.163570261072192,0.2372020053288333,1.7303356714230604,-1.7102007614808157,-2.014889154962298,0.0021530897065765,0.7162819617972487,34.23744800906639,25.141147272482755,41.61679232360952,4.2869335467351615,2946.031,4.163570261072192,3.5929395911706528,0.5706306699015395,0.8578579234006668,2.035337591005598,68.00643686533974,31.993563134660263,0.0308914828242177,1.517757199627752,614,183,202,False,,-0.0875031830501135,-0.0886699893492851,75.86623
B0006,433,24.0,1.4051467790651473,3.42298383625498,2.440822893388958,4.190012868765637,0.2414394100202812,1.7491899753766784,-1.730244918610445,-2.021897889619746,0.0009450807694683,0.6962615132210175,34.41428886050454,25.16934934625116,41.80245062827161,4.32119435671904,2955.438,4.190012868765637,3.5862615333641465,0.6037513354014901,0.8647186168089547,2.035337591005598,69.03752897183544,30.96247102816456,0.0209862052413984,1.0310921064957057,614,181,202,False,,-0.0875031830501135,-0.0886699893492851,76.167435
B0006,437,24.0,1.378719022627353,3.414757022019347,2.396078253891397,4.182418011462176,0.2441378489844082,1.7863397575707791,-1.715246592390148,-2.013990107965066,0.0022862143567549,0.7110232265703329,34.16445180476378,24.82143821287872,41.653004783464006,4.371208230317734,2937.625,4.182338112503195,3.5993733218450874,0.5829647906581075,0.885959795190046,2.035337591005598,67.7390831241008,32.2609168758992,-0.0264277564377943,-1.2984458477346408,614,177,202,False,,-0.0875031830501135,-0.0886699893492851,75.14182
B0006,441,24.0,1.3682657783199066,3.41435871627236,2.449306948268824,4.182070839014939,0.2415232340200517,1.732763890746115,-1.701340492819173,-2.0141794769710484,0.0017603003484055,0.7245002916787043,33.877146811272176,24.44823164208337,41.36061809844917,4.397692811680924,2929.078,4.181981194182554,3.613313370916122,0.568667823266432,0.8595315744253674,2.035337591005598,67.22549538545536,32.77450461454464,-0.0104532443074463,-0.513587738645441,614,173,202,False,,-0.0875031830501135,-0.0886699893492851,74.19344
B0006,445,24.0,1.3573151296618016,3.409188669841805,2.384185417166802,4.182701902443236,0.2460496736273354,1.7985164852764344,-1.7004366132157598,-2.014245767720947,0.002448164539924,0.7253678587355785,33.839566254190565,24.316938949769007,41.42815616511055,4.451653713060872,2918.375,4.18265262787567,3.612916400780757,0.5697362270949133,0.891814298890738,2.035337591005598,66.68746922672389,33.31253077327611,-0.010950648658105,-0.5380261587314692,614,169,202,False,,-0.0875031830501135,-0.0886699893492851,73.2481
B0006,449,24.0,1.3524934638801596,3.411930366643558,2.4440756213040964,4.182270325485355,0.2425896852256925,1.7381947041812589,-1.6873533635265776,-2.013969299900083,0.0010573004756267,0.7373003664947759,33.818304796930946,24.29935828307596,41.343265645039,4.430731206018662,2919.812,4.182270325485355,3.62307676232919,0.5591935631561649,0.8626162572033368,2.035337591005598,66.45057163278422,33.54942836721578,-0.004821665781642,-0.2368975939396733,614,165,202,False,,-0.0875031830501135,-0.0886699893492851,73.01517
B0006,453,24.0,1.3474099151661236,3.4094417183837504,2.429601429477468,4.182394535290608,0.2439075621911889,1.7527931058131403,-1.6919294969110734,-2.014779898380345,0.0016960165224917,0.7335386849531479,33.812621135472135,24.25578525763593,41.38118673567723,4.459629393541612,2900.422,4.182394535290608,3.6225410007004046,0.5598535345902032,0.8692358251636237,2.035337591005598,66.20080723318286,33.79919276681714,-0.0050835487140359,-0.2497643996013607,614,161,202,False,,-0.0875031830501135,-0.0886699893492851,72.38693
B0006,457,24.0,1.3370075130842318,3.408189609747988,2.41022288115442,4.182061947471753,0.2453176784067779,1.7718390663173325,-1.6852952939579415,-2.014211676143238,0.0020320718333584,0.7395261452441036,33.79894614410012,24.22667614097166,41.378450473707446,4.460136031575844,2901.375,4.182061947471753,3.626275900079049,0.5557860473927034,0.8787821750695884,2.035337591005598,65.6897174696045,34.3102825303955,-0.0104024020818918,-0.5110897635783545,614,157,202,False,,-0.0875031830501135,-0.0886699893492851,72.45072
B0006,461,24.0,1.3312352966718526,3.40737851449911,2.4098927032454966,4.182288987105723,0.2458090615165247,1.7723962838602263,-1.6787428835073943,-2.0146307921789908,0.0080376766807166,0.7454352436652836,33.702723745621576,24.08401483096836,41.306600641009794,4.472061666110305,2901.187,4.182288987105723,3.630939582490314,0.5513494046154093,0.8762663338789409,2.035337591005598,65.40611751852576,34.59388248147424,-0.0057722164123792,-0.2835999510787417,614,153,202,False,,-0.0875031830501135,-0.0886699893492851,72.311615
B0006,465,24.0,1.3259303781727645,3.4085862639015,2.453938411405305,4.179662143533188,0.2430865651710103,1.7257237321278835,-1.6712137513430336,-2.013369705800471,0.0010416352989289,0.7521771809630792,33.63562651984647,24.032744419693664,41.20408103671912,4.464296886707149,2891.64,4.179633835322102,3.63665215167077,0.5429816836513321,0.8566888484583491,2.035337591005598,65.14547680110712,34.85452319889288,-0.005304918499088,-0.2606407174186387,614,149,202,False,,-0.0875031830501135,-0.0886699893492851,71.85311
B0006,469,24.0,1.321578743867529,3.404843616147767,2.3940396792395253,4.181392635232333,0.2473025976222259,1.787352955992808,-1.6768931248947176,-2.0139825284473383,0.0013051127215942,0.7474282095747105,33.69072406179652,24.035049734679703,41.32955629442644,4.503856031202928,2882.906,4.181392635232333,3.633648674889144,0.5477439603431891,0.8868971949612537,2.035337591005598,64.93167274597319,35.06832725402681,-0.0043516343052354,-0.2138040551339344,614,145,202,False,,-0.0875031830501135,-0.0886699893492851,71.54082
B0006,473,24.0,1.321225074066109,3.4081057374178703,2.45134737470238,4.182099866234647,0.2442210833322025,1.7307524915322667,-1.6701186583642826,-2.01389215215322,0.001905914988572,0.7532835002669596,33.71317033815572,24.06699631246609,41.300370296451625,4.4804543979131095,2883.265,4.181883861516496,3.6408526421786505,0.5410312193378459,0.8585941815026681,2.035337591005598,64.91429627717592,35.08570372282408,-0.0003536698014201,-0.0173764687972663,614,141,202,False,,-0.0875031830501135,-0.0886699893492851,71.57505
B0006,477,24.0,1.3156485301862682,3.409172854038073,2.475014603796582,4.182054276922838,0.2434048641865988,1.7070396731262565,-1.6634753413292604,-2.013710255019385,0.004822714606532,0.7589708333972093,33.65376593260611,23.996723972247743,41.2436462295636,4.481173590462752,2882.969,4.182054276922838,3.6463041446743727,0.5357501322484657,0.8456833248765872,2.035337591005598,64.64031008911138,35.35968991088862,-0.0055765438798407,-0.2739861880645406,614,137,202,False,,-0.0875031830501135,-0.0886699893492851,71.5423
B0006,481,24.0,1.3209025697502388,3.411081762218424,2.4569179775419294,4.168816046299314,0.2409963916360495,1.7118980687573848,-1.6645875549232958,-2.0145340492151043,0.0016790557813109,0.7579357799006134,33.983578066068176,24.663353868241057,41.36464929786556,4.335679642629904,2891.656,4.168816046299314,3.643185525285694,0.5256305210136203,0.8490660359835468,2.035337591005598,64.8984510278524,35.1015489721476,0.0052540395639706,0.2581409387410218,614,133,202,False,,-0.0875031830501135,-0.0886699893492851,71.79867
B0006,483,24.0,1.3474328767273906,3.416748624671716,2.438240626221148,4.190149239555381,0.2445794002146044,1.751908613334233,-1.6918384605140158,-2.01382438347875,0.0011291190058123,0.7334467668216439,33.816348135475515,24.805357555777945,40.89285784811417,4.157409676256734,2901.25,4.1901092209827935,3.63009179178362,0.5600174291991733,0.8694536182467839,2.035337591005598,66.20193537828118,33.79806462171882,0.0265303069771518,1.303484350428775,614,131,202,False,,-0.0875031830501135,-0.0886699893492851,72.410934
B0006,485,24.0,1.3260128072353616,3.4169689184247174,2.4946397780995584,4.187196878135145,0.2418829111188869,1.6925571000355868,-1.6711981411684529,-2.0133154561700204,0.0015509192623282,0.7523130560666373,33.60692030225909,24.568710436075083,40.652964511118334,4.158579088645514,2891.703,4.186977042307121,3.644383145306869,0.542593897000252,0.8400344165118141,2.035337591005598,65.14952669744675,34.850473302553254,-0.021420069492029,-1.0524086808344322,614,129,202,False,,-0.0875031830501135,-0.0886699893492851,71.85457
B0006,489,24.0,1.3101186784831065,3.4105763913818787,2.4367455144223555,4.18232296515852,0.2457066092119761,1.7455774507361648,-1.6632769410531223,-2.0139168871011672,0.0017807462401955,0.7590269335533172,33.47350597721994,24.308667818003084,40.58410707337388,4.21322292649837,2883.016,4.182103099818312,3.647724843088211,0.5343782567301005,0.8659917151574824,2.035337591005598,64.3686179763337,35.631382023666305,-0.0158941287522551,-0.7809087211130503,614,125,202,False,,-0.0875031830501135,-0.0886699893492851,71.63531
B0006,493,24.0,1.30521620229393,3.4113335283009314,2.485868996808533,4.1822817387062585,0.243669978984679,1.696412741897726,-1.6559085740676296,-2.0142276812428177,0.001136289876544,0.7654957106646719,33.209178727620106,24.0037960039902,40.322783635307104,4.224043353343756,2873.453,4.1822412159486655,3.654758881299619,0.5274823346490467,0.8417401353838405,2.035337591005598,64.12775001365068,35.87224998634932,-0.0049024761891764,-0.2408679626830121,614,121,202,False,,-0.0875031830501135,-0.0886699893492851,71.20397
B0006,497,24.0,1.3004061951355774,3.4081283345557187,2.395755020190792,4.181394192711236,0.2482278729797321,1.7856391725204448,-1.656100922060331,-2.014080368444908,0.0011258076444086,0.7655069350374726,33.58088963686094,24.35910018105313,40.78032921971219,4.2561126788303865,2874.031,4.1811092734638216,3.649848216700934,0.5312610567628875,0.8860826220697839,2.035337591005598,63.89142523000749,36.10857476999251,-0.0048100071583525,-0.2363247836431909,614,117,202,False,,-0.0875031830501135,-0.0886699893492851,71.14478
B0006,501,24.0,1.300235735841116,3.412573242269913,2.4504684570147006,4.182109437180301,0.2452230312011813,1.7316409801656008,-1.6493259508429792,-2.014831579693271,0.0035385904696668,0.7709658700007178,33.76400861956033,24.62177339088948,40.85731522464202,4.193931968929846,2874.234,4.181892633123134,3.654795053390779,0.5270975797323549,0.8579402360201398,2.035337591005598,63.88305024124815,36.11694975875185,-0.0001704592944613,-0.0083749887593427,614,113,202,False,,-0.0875031830501135,-0.0886699893492851,71.184326
B0006,505,24.0,1.2895066722480757,3.407693686560286,2.3942028718004007,4.181210531150237,0.249342966530215,1.787007659349836,-1.6481131076816375,-2.014857985605384,0.0007121321492493,0.7718560566678059,33.57003564415372,24.362440700162463,40.74860220857894,4.228315089062405,2864.984,4.1810790735747885,3.65519692144285,0.5258821521319383,0.886601584141653,2.035337591005598,63.35591097744969,36.64408902255031,-0.0107290635930403,-0.5271392637984604,614,109,202,False,,-0.0875031830501135,-0.0886699893492851,71.103966
B0006,509,24.0,1.279253057384795,3.407349960804196,2.4303844034459368,4.180183763169455,0.2482146012944817,1.7497993597235184,-1.6402541382604887,-2.013906118562721,0.002070603795056,0.778065034301414,33.272050895552354,24.05758090644101,40.47227623020844,4.237196672375289,2855.093,4.179849355700932,3.660920185251899,0.5189291704490326,0.8679660535351064,2.035337591005598,62.85213141239902,37.14786858760098,-0.0102536148632808,-0.5037795650506709,614,105,202,False,,-0.0875031830501135,-0.0886699893492851,71.04514
B0006,513,24.0,1.2792078171714618,3.409292163767801,2.4755630989048205,4.181641969595387,0.2465901601184922,1.7060788706905663,-1.6339151095418003,-2.01480412850878,0.0011760650851612,0.7837204519359695,33.12740933210319,23.84003655190612,40.28187574900838,4.246858259984162,2855.625,4.181641969595387,3.6665506464743816,0.5150913231210055,0.8462775954406053,2.035337591005598,62.84990867482796,37.15009132517204,-4.5240213333075374e-05,-0.0022227375710599,614,101,202,False,,-0.0875031830501135,-0.0886699893492851,71.06342
B0006,517,24.0,1.274036760902923,3.409549235480477,2.446712151873903,4.1818501497507565,0.2475833965078593,1.7351379978768535,-1.6340244573659812,-2.014522533445452,0.0019702593856607,0.7838316988955946,33.439116773449626,24.11614509838886,40.637565231244686,4.270298038552276,2855.594,4.18154819879745,3.664830420095059,0.5167177787023904,0.8604731958604013,2.035337591005598,62.59584486293798,37.40415513706202,-0.0051710562685387,-0.2540638118899778,614,97,202,False,,-0.0875031830501135,-0.0886699893492851,71.05481
B0006,521,24.0,1.2741273923001468,3.410318915287339,2.4607112018206894,4.1817089329030335,0.2473980180110981,1.720997731082344,-1.632488007933941,-2.0149438038428857,0.0040495370268256,0.7848803525722242,33.482874768414376,24.2483754316006,40.64243349478575,4.236324048558813,2847.437,4.181631106163372,3.6670708418070905,0.5145602643562812,0.8524038669394516,2.035337591005598,62.600297755550194,37.399702244449806,9.063139722376155e-05,0.004452892612214,614,93,202,False,,-0.0875031830501135,-0.0886699893492851,70.9565
B0006,525,24.0,1.263763942644078,3.409269478846637,2.46197885229738,4.178725976011113,0.2481022682551449,1.7167471237137333,-1.6192610042624402,-2.0150039133931816,0.0014280969271294,0.7951183753696195,33.22136307064441,23.97276387413658,40.38713367022122,4.229433369947142,2847.36,4.178712498488009,3.671063896554771,0.507648601933238,0.8513786306343287,2.035337591005598,62.091121798604966,37.90887820139504,-0.0103634496560687,-0.5091759569452279,614,89,202,False,,-0.0875031830501135,-0.0886699893492851,70.94149
B0006,529,24.0,1.2581373688955233,3.409437443506909,2.4999079970509284,4.181148894438262,0.247440127719142,1.681240897387334,-1.6178242977824624,-2.015129426588159,0.0037301935665104,0.796212152834948,32.98562738901426,23.67821307261489,40.15316398972329,4.254562559265268,2837.328,4.181148894438262,3.675527990548978,0.5056209038892843,0.8327676083087592,2.035337591005598,61.8146775481072,38.1853224518928,-0.0056265737485547,-0.276444250497768,614,85,202,False,,-0.0875031830501135,-0.0886699893492851,70.83383
B0006,533,24.0,1.253259864055301,3.403885091976961,2.4061574188511727,4.181246648937272,0.2532123266842987,1.775089230086099,-1.6181015728870058,-2.015749061229573,0.001436003251364,0.7959104627910828,32.97018278153956,23.51872262795036,40.26211669866818,4.320691363853224,2837.281,4.181246648937272,3.67291170661734,0.5083349423199319,0.8799833299097252,2.035337591005598,61.57503647520722,38.42496352479278,-0.0048775048402223,-0.2396410728999782,614,81,202,False,,-0.0875031830501135,-0.0886699893492851,70.73561
B0006,537,24.0,1.2532313315493426,3.4065929107527846,2.40921365026611,4.182124874468928,0.2526320232410776,1.772911224202817,-1.6180985297864203,-2.014223314502266,0.0088086122111483,0.7962214097717415,33.31018716138479,23.900390232503312,40.65437976632703,4.314882989913479,2838.515,4.182083806710052,3.67294260827938,0.5091411984306724,0.8763634428068869,2.035337591005598,61.573634619019614,38.42636538098039,-2.8532505958356325e-05,-0.0014018561876056,614,77,202,False,,-0.0875031830501135,-0.0886699893492851,70.780495
B0006,541,24.0,1.2480874960313575,3.4095930016592684,2.4705399687343235,4.179545017207998,0.2490847222904234,1.7090050484736743,-1.6103535053387172,-2.016335249580649,0.0018528412705641,0.8022686918286582,33.23406652671602,23.92716190106188,40.41021687551566,4.247229394906718,2828.328,4.179465656635683,3.676426871927093,0.5030387847085902,0.8468016713709103,2.035337591005598,61.32090821428379,38.67909178571621,-0.0051438355179851,-0.2527264047358244,614,73,202,False,,-0.0875031830501135,-0.0886699893492851,70.5726
B0006,545,24.0,1.2534354284944844,3.409409922814414,2.4996841687041944,4.164241788212258,0.2450153667333106,1.6645576195080634,-1.611644410040853,-2.01499403966668,0.000657295059648,0.8010853524879897,33.117656712920734,23.56322177792888,40.49521984011741,4.380274662730237,2838.265,4.164241788212258,3.678748349217624,0.4854934389946335,0.8258162465057808,2.035337591005598,61.58366228941904,38.41633771058096,0.0053479324631269,0.2627540751352484,614,69,202,False,,-0.0875031830501135,-0.0886699893492851,70.83842
B0006,548,24.0,1.28980487732669,3.4195489282896943,2.4839695531514434,4.189238693156103,0.2466700164316275,1.7052691400046591,-1.6420364978388975,-2.0181368086516467,0.00114204030608,0.7774199520441293,33.78417036686004,24.18298607119453,41.357879741754175,4.440412482093005,2864.547,4.189238693156103,3.6660243812714266,0.5232143118846762,0.8444941325884006,2.035337591005598,63.37056235911393,36.62943764088607,0.0363694488322055,1.7869000696948945,614,66,202,False,,-0.0875031830501135,-0.0886699893492851,70.96715
B0006,552,24.0,1.2635402021758837,3.4151799904188,2.4675402264113453,4.180842923747738,0.2480742228576014,1.7133026973363927,-1.6194806393973795,-2.014277449216773,0.0006389432339644,0.7950525227865529,33.806439563441614,24.13790128994837,41.37902988743146,4.4572811045999154,2846.39,4.180662617196329,3.673517843188949,0.5071447740073798,0.8503095730203014,2.035337591005598,62.080129004624105,37.919870995375895,-0.0262646751508062,-1.290433354489828,614,62,202,False,,-0.0875031830501135,-0.0886699893492851,70.835655
B0006,556,24.0,1.2479761706842851,3.4154594925159083,2.4946438160388325,4.18123823034649,0.2480617016753451,1.6865944143076574,-1.6048643562670923,-2.0138128429431967,0.0057812483075358,0.8060358618163398,33.63735785291911,23.963097388160715,41.20920760771975,4.450962807667149,2837.969,4.181032942784607,3.679265325617699,0.5017676171669079,0.835115542085564,2.035337591005598,61.315438588627366,38.68456141137264,-0.0155640314915985,-0.7646904159967391,614,58,202,False,,-0.0875031830501135,-0.0886699893492851,70.81034
B0006,560,24.0,1.2321202877943334,3.4130336456755868,2.4577382116375843,4.1798277092808815,0.2513379562071556,1.7220894976432972,-1.5916400783224371,-2.014917756386988,0.0023397381848139,0.8158903428123628,33.58195933847606,23.85096067907487,41.20630554355683,4.472326760440252,2838.156,4.17964376586292,3.6810005302067896,0.4986432356561305,0.8536785721590993,2.035337591005598,60.53640895934027,39.46359104065973,-0.0158558828899517,-0.7790296292870948,614,54,202,False,,-0.0875031830501135,-0.0886699893492851,70.730576
B0006,564,24.0,1.2271137666213534,3.4094524356574096,2.40986495422137,4.180792839927961,0.2554175559048416,1.770927885706591,-1.5901105081883435,-2.014930078850297,0.0010089516629164,0.81704386414875,33.56245583951572,23.75303412345965,41.28239317323536,4.515353242870561,2829.843,4.180653486967336,3.6816210659707824,0.4990324209965537,0.8784630184255877,2.035337591005598,60.29042906907026,39.709570930929736,-0.0050065211729799,-0.2459798902700072,614,50,202,False,,-0.0875031830501135,-0.0886699893492851,70.45927
B0006,568,24.0,1.2217397581377356,3.4138496008165014,2.479418189447868,4.181365190126037,0.2521876111582164,1.7019470006781692,-1.5767754479909837,-2.0147963353542564,0.0008594805850041,0.8262753136633273,33.5111267532655,23.71579098948608,41.1595683576961,4.488716863512712,2829.625,4.181365190126037,3.6870580470143386,0.4943071431116985,0.8443638974569134,2.035337591005598,60.02639382954212,39.97360617045788,-0.0053740084836177,-0.2640352395281411,614,46,202,False,,-0.0875031830501135,-0.0886699893492851,70.46641
B0006,572,24.0,1.211102678915174,3.410900672125043,2.434585389303289,4.180594670510683,0.2554146162892581,1.7460092812073935,-1.575262673173442,-2.015518745222527,0.0011992086586358,0.8272958161026505,33.53675907012135,23.759120931060004,41.230427315370186,4.49738001188431,2819.437,4.180359359066286,3.686609623032529,0.4937497360337572,0.8657677082941659,2.035337591005598,59.50377393250057,40.49622606749943,-0.0106370792225616,-0.522619897041551,614,42,202,False,,-0.0875031830501135,-0.0886699893492851,70.24661
B0006,576,24.0,1.2056159765131735,3.4105744140130074,2.425682710641569,4.181424135030176,0.2569819410958422,1.7557414243886074,-1.5684640005188113,-2.0147884579094577,0.0016688329956906,0.8317378025292568,33.49803069556778,23.66231577866041,41.21487873613708,4.5075717019233785,2819.579,4.181277236211712,3.6886642285753455,0.4926130076363666,0.8707059813800913,2.035337591005598,59.23420182680926,40.76579817319074,-0.0054867024020004,-0.26957210569131,614,38,202,False,,-0.0875031830501135,-0.0886699893492851,70.19895
B0006,580,24.0,1.2008936262717274,3.4096514247359915,2.417924401749313,4.181921994951423,0.2581973170564696,1.7639975932021097,-1.5671286757845893,-2.0146138657111945,0.0026713892198369,0.8329428153403723,33.516977262709986,23.65025525718372,41.27439823262361,4.527649008570073,2810.672,4.181921994951423,3.689427929747468,0.4924940652039544,0.8744413259801566,2.035337591005598,59.002183793913154,40.997816206086846,-0.0047223502414461,-0.2320180328961072,614,34,202,False,,-0.0875031830501135,-0.0886699893492851,70.05495
B0006,584,24.0,1.1905903985558337,3.4128578373442537,2.4541577949851603,4.179593598747663,0.2562295547306426,1.7254358037625024,-1.5537993411647462,-2.0148417510809367,0.0021054554350767,0.8418998631531451,33.531923269271225,23.71646710308953,41.237668013317766,4.494711757510842,2811.485,4.179431633541701,3.691557712403205,0.4878739211384961,0.8554689970011387,2.035337591005598,58.49596665522202,41.50403334477798,-0.0103032277158936,-0.5062171386911345,614,30,202,False,,-0.0875031830501135,-0.0886699893492851,70.088486
B0006,588,24.0,1.185179251041941,3.413450901705652,2.463616101176541,4.180557596235595,0.2563397256526232,1.7169414950590545,-1.5521827524962777,-2.013981544237104,0.0030546197767952,0.8426741525725665,33.567636169584304,23.75283925140291,41.24068073261839,4.488739697730475,2802.422,4.180438271754948,3.692494602830583,0.4879436689243648,0.8512199858838143,2.035337591005598,58.23010670462684,41.76989329537316,-0.0054111475138927,-0.2658599505951784,614,26,202,False,,-0.0875031830501135,-0.0886699893492851,69.888054
B0006,592,24.0,1.1796706818144624,3.414388187503409,2.470375229475307,4.181414159913002,0.2568441721022827,1.7110389304376952,-1.5452652929126829,-2.014023708028726,0.0020243726684846,0.8470345896109175,33.60493096509702,23.80606714012504,41.28133907077437,4.480792235047609,2801.625,4.181414159913002,3.693907128232746,0.4875070316802561,0.848709386854487,2.035337591005598,57.95946024028492,42.04053975971508,-0.0055085692274785,-0.2706464643419224,614,22,202,False,,-0.0875031830501135,-0.0886699893492851,69.85579
B0006,596,24.0,1.1745952836753917,3.412419038813061,2.4357634426689945,4.180815073540562,0.2599377773002801,1.7450516308715676,-1.538651770825325,-2.016504705213686,0.0039411217828642,0.8513560117080599,33.54281440778599,23.71321070187237,41.28338645880181,4.497310319961048,2802.031,4.180815073540562,3.6946262144743858,0.4861888590661762,0.86369632264065,2.035337591005598,57.71009629390572,42.28990370609428,-0.0050753981390707,-0.2493639463791979,614,18,202,False,,-0.0875031830501135,-0.0886699893492851,69.86694
B0006,600,24.0,1.15381833159625,3.414810305745517,2.481190011798763,4.1697037841892834,0.2567621913262417,1.6885137723905204,-1.5169723774339865,-2.0192733708647617,0.0022476647345707,0.8647472127992183,33.472459360982775,23.707339766856947,41.14919304328959,4.458920775963431,2793.39,4.1697037841892834,3.6963269652374176,0.4733768189518659,0.8352689596870392,2.035337591005598,56.68928519254556,43.310714807454445,-0.0207769520791416,-1.0208111013601666,614,14,202,False,,-0.0875031830501135,-0.0886699893492851,69.66958
B0006,604,24.0,1.1644009557372264,3.4166177332601,2.491537251958465,4.180283727512206,0.25786885910619,1.6887464755537414,-1.5238501013926742,-2.014625681416588,0.0020222968056506,0.8603890556014289,33.58210389885497,23.791460085164704,41.26268252018065,4.465400116342418,2793.39,4.180283727512206,3.697169686162496,0.4831140413497103,0.8374027067641441,2.035337591005598,57.20922960804411,42.79077039195589,0.0105826241409763,0.5199444154985571,614,10,202,False,,-0.0875031830501135,-0.0886699893492851,69.61121
B0006,608,24.0,1.1587974947916069,3.4121341541171764,2.40904100737121,4.181170015245673,0.2637271867613533,1.772129007874463,-1.523792814686802,-2.016243208356173,0.000365940232113,0.8604329777233659,33.6634605108384,23.802896883148367,41.45791806300034,4.507073999103317,2792.485,4.181157702694518,3.6966744870459154,0.4844832156486029,0.8787667204202808,2.035337591005598,56.93392093343496,43.066079066565045,-0.0056034609456194,-0.2753086746091568,614,6,202,False,,-0.0875031830501135,-0.0886699893492851,69.61765
B0006,612,24.0,1.1749748834769171,3.419700177568569,2.475767645530351,4.1575524997258,0.2529109631298057,1.6817848541954494,-1.539131085939872,-2.013736316594881,-0.0004237695743895,0.8511924609455338,33.730546074122294,24.698597962486065,41.11666214070682,4.1670548482657015,2802.016,4.157544974448367,3.69305943579077,0.464485538657597,0.835332227320755,2.035337591005598,57.72874675283711,42.27125324716289,0.0161773886853102,0.7948258194021562,614,2,202,False,,-0.0875031830501135,-0.0886699893492851,69.903275
B0006,614,24.0,1.1856752327929356,3.4234687742187893,2.4160441724133666,4.188511527828155,0.2619158664193414,1.772467355414788,-1.5426703969635054,-2.014876364498059,0.0032206172427055,0.8495522069665737,33.8912822372509,24.907725860706154,41.36263766174168,4.080219455624845,2820.39,4.188511527828155,3.691808982914086,0.4967025449140685,0.8782865102379263,2.035337591005598,58.254475229690506,41.74552477030949,0.0107003493160184,0.525728476853395,614,0,202,False,,-0.0875031830501135,-0.0886699893492851,70.15709
