test_cell,baseline,MAE,value
B0005,constant_train_mean,9.221860125106199,82.18230112388828
B0005,constant_global_mean,9.181846961460673,82.84816779739228
B0005,oracle_cell_mean,9.184656460709494,84.70308210215339
B0006,constant_train_mean,13.490507125778983,85.30658871115583
B0006,constant_global_mean,12.534573624423412,82.84816779739228
B0006,oracle_cell_mean,10.666100862689845,75.99970953762241
B0007,constant_train_mean,8.157898763762732,81.37284064380276
B0007,constant_global_mean,7.765270185712601,82.84816779739228
B0007,oracle_cell_mean,7.573439254597519,86.95800772524875
B0018,constant_train_mean,7.4021148724262975,82.55359978834151
B0018,constant_global_mean,7.408515887800394,82.84816779739228
B0018,oracle_cell_mean,7.458589860554563,83.97288201376793
